Timestamp,CPU(m),Memory(Mi)
2025-11-29 02:08:09.364,1m,3Mi
2025-11-29 02:08:10.040,1m,3Mi
2025-11-29 02:08:10.713,1m,3Mi
2025-11-29 02:08:11.398,1m,3Mi
2025-11-29 02:08:12.086,1m,3Mi
2025-11-29 02:08:12.767,1m,3Mi
2025-11-29 02:08:13.441,1m,3Mi
2025-11-29 02:08:14.115,1m,3Mi
2025-11-29 02:08:14.796,1m,3Mi
2025-11-29 02:08:15.480,1m,3Mi
2025-11-29 02:08:16.149,1m,3Mi
2025-11-29 02:08:16.819,1m,3Mi
2025-11-29 02:08:17.494,1m,3Mi
2025-11-29 02:08:18.164,1m,3Mi
2025-11-29 02:08:18.841,1m,3Mi
2025-11-29 02:08:19.517,1m,3Mi
2025-11-29 02:08:20.203,1m,3Mi
2025-11-29 02:08:20.873,1m,3Mi
2025-11-29 02:08:21.561,1m,3Mi
2025-11-29 02:08:22.244,1m,3Mi
2025-11-29 02:08:22.921,1m,3Mi
2025-11-29 02:08:23.591,1m,3Mi
2025-11-29 02:08:24.257,1m,3Mi
2025-11-29 02:08:24.928,1m,3Mi
2025-11-29 02:08:25.594,1m,3Mi
2025-11-29 02:08:26.269,1m,3Mi
2025-11-29 02:08:26.936,1m,3Mi
2025-11-29 02:08:27.620,1m,3Mi
2025-11-29 02:08:28.292,1m,3Mi
2025-11-29 02:08:28.955,1m,3Mi
2025-11-29 02:08:29.640,1m,3Mi
2025-11-29 02:08:30.319,1m,3Mi
2025-11-29 02:08:30.999,1m,3Mi
2025-11-29 02:08:31.673,1m,3Mi
2025-11-29 02:08:32.340,1m,3Mi
2025-11-29 02:08:33.030,1m,3Mi
2025-11-29 02:08:33.687,1m,3Mi
2025-11-29 02:08:34.368,1m,3Mi
2025-11-29 02:08:35.035,1m,3Mi
2025-11-29 02:08:35.698,1m,3Mi
2025-11-29 02:08:36.363,0m,3Mi
2025-11-29 02:08:37.030,0m,3Mi
2025-11-29 02:08:37.698,0m,3Mi
2025-11-29 02:08:38.378,0m,3Mi
2025-11-29 02:08:39.039,0m,3Mi
2025-11-29 02:08:39.712,0m,3Mi
2025-11-29 02:08:40.380,0m,3Mi
2025-11-29 02:08:41.051,0m,3Mi
2025-11-29 02:08:41.705,0m,3Mi
2025-11-29 02:08:42.352,0m,3Mi
2025-11-29 02:08:43.010,0m,3Mi
2025-11-29 02:08:43.664,0m,3Mi
2025-11-29 02:08:44.317,0m,3Mi
2025-11-29 02:08:44.976,0m,3Mi
2025-11-29 02:08:45.629,0m,3Mi
2025-11-29 02:08:46.295,0m,3Mi
2025-11-29 02:08:46.950,0m,3Mi
2025-11-29 02:08:47.608,0m,3Mi
2025-11-29 02:08:48.268,0m,3Mi
2025-11-29 02:08:48.925,0m,3Mi
2025-11-29 02:08:49.580,0m,3Mi
2025-11-29 02:08:50.232,0m,3Mi
2025-11-29 02:08:50.892,0m,3Mi
2025-11-29 02:08:51.549,0m,3Mi
2025-11-29 02:08:52.208,0m,3Mi
2025-11-29 02:08:52.868,0m,3Mi
2025-11-29 02:08:53.520,0m,3Mi
2025-11-29 02:08:54.172,0m,3Mi
2025-11-29 02:08:54.828,0m,3Mi
2025-11-29 02:08:55.481,0m,3Mi
2025-11-29 02:08:56.139,0m,3Mi
2025-11-29 02:08:56.802,0m,3Mi
2025-11-29 02:08:57.460,0m,3Mi
2025-11-29 02:08:58.116,0m,3Mi
2025-11-29 02:08:58.769,0m,3Mi
2025-11-29 02:08:59.419,0m,3Mi
2025-11-29 02:09:00.080,12m,6Mi
2025-11-29 02:09:00.740,12m,6Mi
2025-11-29 02:09:01.396,12m,6Mi
2025-11-29 02:09:02.051,12m,6Mi
2025-11-29 02:09:02.709,12m,6Mi
2025-11-29 02:09:03.359,12m,6Mi
2025-11-29 02:09:04.023,12m,6Mi
2025-11-29 02:09:04.680,12m,6Mi
2025-11-29 02:09:05.334,12m,6Mi
2025-11-29 02:09:05.985,12m,6Mi
2025-11-29 02:09:06.653,12m,6Mi
2025-11-29 02:09:07.311,12m,6Mi
2025-11-29 02:09:07.970,12m,6Mi
2025-11-29 02:09:08.617,12m,6Mi
2025-11-29 02:09:09.266,12m,6Mi
2025-11-29 02:09:09.919,12m,6Mi
2025-11-29 02:09:10.575,12m,6Mi
2025-11-29 02:09:11.223,12m,6Mi
2025-11-29 02:09:11.879,12m,6Mi
2025-11-29 02:09:12.534,12m,8Mi
2025-11-29 02:09:13.195,12m,8Mi
2025-11-29 02:09:13.851,12m,8Mi
2025-11-29 02:09:14.499,12m,8Mi
2025-11-29 02:09:15.165,12m,8Mi
2025-11-29 02:09:15.814,12m,8Mi
2025-11-29 02:09:16.467,12m,8Mi
2025-11-29 02:09:17.133,12m,8Mi
2025-11-29 02:09:17.789,12m,8Mi
2025-11-29 02:09:18.444,12m,8Mi
2025-11-29 02:09:19.091,12m,8Mi
2025-11-29 02:09:19.753,12m,8Mi
2025-11-29 02:09:20.415,12m,8Mi
2025-11-29 02:09:21.069,12m,8Mi
2025-11-29 02:09:21.725,12m,8Mi
2025-11-29 02:09:22.388,12m,8Mi
2025-11-29 02:09:23.052,12m,8Mi
2025-11-29 02:09:23.712,12m,8Mi
2025-11-29 02:09:24.364,0m,8Mi
2025-11-29 02:09:25.021,0m,8Mi
2025-11-29 02:09:25.679,0m,8Mi
2025-11-29 02:09:26.334,0m,8Mi
2025-11-29 02:09:26.993,0m,8Mi
2025-11-29 02:09:27.644,0m,8Mi
2025-11-29 02:09:28.299,0m,8Mi
2025-11-29 02:09:28.952,0m,8Mi
2025-11-29 02:09:29.599,0m,8Mi
2025-11-29 02:09:30.251,0m,8Mi
2025-11-29 02:09:30.913,0m,8Mi
2025-11-29 02:09:31.577,0m,8Mi
2025-11-29 02:09:32.232,0m,8Mi
2025-11-29 02:09:32.887,0m,8Mi
2025-11-29 02:09:33.547,0m,8Mi
2025-11-29 02:09:34.204,0m,8Mi
2025-11-29 02:09:34.865,0m,8Mi
2025-11-29 02:09:35.516,0m,8Mi
2025-11-29 02:09:36.169,0m,8Mi
2025-11-29 02:09:36.826,0m,8Mi
2025-11-29 02:09:37.483,0m,8Mi
2025-11-29 02:09:38.139,0m,8Mi
2025-11-29 02:09:38.804,0m,8Mi
2025-11-29 02:09:39.468,0m,8Mi
2025-11-29 02:09:40.130,0m,8Mi
2025-11-29 02:09:40.779,0m,8Mi
2025-11-29 02:09:41.441,0m,8Mi
2025-11-29 02:09:42.092,0m,8Mi
2025-11-29 02:09:42.752,0m,8Mi
2025-11-29 02:09:43.405,0m,8Mi
2025-11-29 02:09:44.068,0m,8Mi
2025-11-29 02:09:44.730,0m,8Mi
2025-11-29 02:09:45.381,0m,8Mi
2025-11-29 02:09:46.045,0m,8Mi
2025-11-29 02:09:46.710,0m,8Mi
2025-11-29 02:09:47.370,0m,8Mi
2025-11-29 02:09:48.030,0m,8Mi
2025-11-29 02:09:48.681,0m,8Mi
2025-11-29 02:09:49.336,0m,8Mi
2025-11-29 02:09:49.988,0m,8Mi
2025-11-29 02:09:50.651,0m,8Mi
2025-11-29 02:09:51.299,0m,8Mi
2025-11-29 02:09:51.955,0m,8Mi
2025-11-29 02:09:52.612,0m,8Mi
2025-11-29 02:09:53.265,0m,8Mi
2025-11-29 02:09:53.921,0m,8Mi
2025-11-29 02:09:54.580,0m,8Mi
2025-11-29 02:09:55.236,0m,8Mi
2025-11-29 02:09:55.893,0m,8Mi
2025-11-29 02:09:56.564,0m,8Mi
2025-11-29 02:09:57.216,0m,8Mi
2025-11-29 02:09:57.868,0m,8Mi
2025-11-29 02:09:58.521,0m,8Mi
2025-11-29 02:09:59.179,0m,8Mi
2025-11-29 02:09:59.835,0m,8Mi
2025-11-29 02:10:00.493,0m,8Mi
2025-11-29 02:10:01.161,0m,8Mi
2025-11-29 02:10:01.819,0m,8Mi
2025-11-29 02:10:02.492,0m,8Mi
2025-11-29 02:10:03.141,0m,8Mi
2025-11-29 02:10:03.792,0m,8Mi
2025-11-29 02:10:04.453,0m,8Mi
2025-11-29 02:10:05.104,0m,8Mi
2025-11-29 02:10:05.754,0m,8Mi
2025-11-29 02:10:06.406,0m,8Mi
2025-11-29 02:10:07.060,0m,8Mi
2025-11-29 02:10:07.711,0m,8Mi
2025-11-29 02:10:08.365,0m,8Mi
2025-11-29 02:10:09.020,0m,8Mi
2025-11-29 02:10:09.678,0m,8Mi
2025-11-29 02:10:10.334,0m,8Mi
2025-11-29 02:10:10.987,0m,8Mi
2025-11-29 02:10:11.654,0m,8Mi
2025-11-29 02:10:12.303,0m,8Mi
2025-11-29 02:10:12.956,0m,8Mi
2025-11-29 02:10:13.615,0m,8Mi
2025-11-29 02:10:14.272,0m,8Mi
2025-11-29 02:10:14.923,0m,8Mi
2025-11-29 02:10:15.573,0m,8Mi
2025-11-29 02:10:16.228,0m,8Mi
2025-11-29 02:10:16.886,0m,8Mi
2025-11-29 02:10:17.546,0m,8Mi
2025-11-29 02:10:18.199,0m,8Mi
2025-11-29 02:10:18.863,0m,8Mi
2025-11-29 02:10:19.515,0m,8Mi
2025-11-29 02:10:20.169,0m,8Mi
2025-11-29 02:10:20.826,0m,8Mi
2025-11-29 02:10:21.481,0m,8Mi
2025-11-29 02:10:22.141,0m,8Mi
2025-11-29 02:10:22.796,0m,8Mi
2025-11-29 02:10:23.461,0m,8Mi
2025-11-29 02:10:24.118,0m,8Mi
2025-11-29 02:10:24.775,0m,8Mi
2025-11-29 02:10:25.420,0m,8Mi
2025-11-29 02:10:26.080,0m,8Mi
2025-11-29 02:10:26.737,0m,8Mi
2025-11-29 02:10:27.396,0m,8Mi
2025-11-29 02:10:28.057,0m,8Mi
2025-11-29 02:10:28.718,0m,8Mi
2025-11-29 02:10:29.372,0m,8Mi
2025-11-29 02:10:30.029,0m,8Mi
2025-11-29 02:10:30.686,0m,8Mi
2025-11-29 02:10:31.338,0m,8Mi
2025-11-29 02:10:32.000,0m,8Mi
2025-11-29 02:10:32.654,0m,8Mi
2025-11-29 02:10:33.307,0m,8Mi
2025-11-29 02:10:33.957,0m,8Mi
2025-11-29 02:10:34.613,0m,8Mi
2025-11-29 02:10:35.271,0m,8Mi
2025-11-29 02:10:35.924,0m,8Mi
2025-11-29 02:10:36.584,0m,8Mi
2025-11-29 02:10:37.239,0m,8Mi
2025-11-29 02:10:37.895,0m,8Mi
2025-11-29 02:10:38.552,0m,8Mi
2025-11-29 02:10:39.208,0m,8Mi
2025-11-29 02:10:39.865,0m,8Mi
2025-11-29 02:10:40.525,0m,8Mi
2025-11-29 02:10:41.175,0m,8Mi
2025-11-29 02:10:41.828,0m,8Mi
2025-11-29 02:10:42.482,0m,8Mi
2025-11-29 02:10:43.148,0m,8Mi
2025-11-29 02:10:43.801,0m,8Mi
2025-11-29 02:10:44.465,0m,8Mi
2025-11-29 02:10:45.117,0m,8Mi
2025-11-29 02:10:45.775,0m,8Mi
2025-11-29 02:10:46.434,0m,8Mi
2025-11-29 02:10:47.101,0m,8Mi
2025-11-29 02:10:47.754,0m,8Mi
2025-11-29 02:10:48.417,0m,8Mi
2025-11-29 02:10:49.075,0m,8Mi
2025-11-29 02:10:49.735,0m,8Mi
2025-11-29 02:10:50.390,0m,8Mi
2025-11-29 02:10:51.051,0m,8Mi
2025-11-29 02:10:51.709,0m,8Mi
2025-11-29 02:10:52.364,0m,8Mi
2025-11-29 02:10:53.022,0m,8Mi
2025-11-29 02:10:53.674,0m,8Mi
2025-11-29 02:10:54.325,0m,8Mi
2025-11-29 02:10:54.983,0m,8Mi
2025-11-29 02:10:55.631,0m,8Mi
2025-11-29 02:10:56.286,0m,8Mi
2025-11-29 02:10:56.938,0m,8Mi
2025-11-29 02:10:57.596,0m,8Mi
2025-11-29 02:10:58.262,0m,8Mi
2025-11-29 02:10:58.916,0m,8Mi
2025-11-29 02:10:59.572,0m,8Mi
2025-11-29 02:11:00.227,0m,8Mi
2025-11-29 02:11:00.878,0m,8Mi
2025-11-29 02:11:01.544,0m,8Mi
2025-11-29 02:11:02.196,0m,8Mi
2025-11-29 02:11:02.856,0m,8Mi
2025-11-29 02:11:03.511,0m,8Mi
2025-11-29 02:11:04.169,0m,8Mi
2025-11-29 02:11:04.822,0m,8Mi
2025-11-29 02:11:05.474,0m,8Mi
2025-11-29 02:11:06.126,0m,8Mi
2025-11-29 02:11:06.777,0m,8Mi
2025-11-29 02:11:07.434,0m,8Mi
2025-11-29 02:11:08.089,0m,8Mi
2025-11-29 02:11:08.747,0m,8Mi
2025-11-29 02:11:09.405,0m,8Mi
2025-11-29 02:11:10.068,0m,8Mi
2025-11-29 02:11:10.726,0m,8Mi
2025-11-29 02:11:11.381,0m,8Mi
2025-11-29 02:11:12.032,0m,8Mi
2025-11-29 02:11:12.690,0m,8Mi
2025-11-29 02:11:13.342,0m,8Mi
2025-11-29 02:11:14.001,0m,8Mi
2025-11-29 02:11:14.658,0m,8Mi
2025-11-29 02:11:15.307,0m,8Mi
2025-11-29 02:11:15.971,0m,8Mi
2025-11-29 02:11:16.645,0m,8Mi
2025-11-29 02:11:17.296,0m,8Mi
2025-11-29 02:11:17.948,0m,8Mi
2025-11-29 02:11:18.604,0m,8Mi
2025-11-29 02:11:19.263,0m,8Mi
2025-11-29 02:11:19.925,0m,8Mi
2025-11-29 02:11:20.579,0m,8Mi
2025-11-29 02:11:21.244,0m,8Mi
2025-11-29 02:11:21.904,0m,8Mi
2025-11-29 02:11:22.556,0m,8Mi
2025-11-29 02:11:23.212,0m,8Mi
2025-11-29 02:11:23.872,0m,8Mi
2025-11-29 02:11:24.527,0m,8Mi
2025-11-29 02:11:25.178,0m,8Mi
2025-11-29 02:11:25.831,0m,8Mi
2025-11-29 02:11:26.481,0m,8Mi
2025-11-29 02:11:27.141,0m,8Mi
2025-11-29 02:11:27.802,0m,8Mi
2025-11-29 02:11:28.459,0m,8Mi
2025-11-29 02:11:29.114,0m,8Mi
2025-11-29 02:11:29.767,0m,8Mi
2025-11-29 02:11:30.423,0m,8Mi
2025-11-29 02:11:31.083,0m,8Mi
2025-11-29 02:11:31.738,0m,8Mi
2025-11-29 02:11:32.398,0m,8Mi
2025-11-29 02:11:33.052,0m,8Mi
2025-11-29 02:11:33.707,0m,8Mi
2025-11-29 02:11:34.359,0m,8Mi
2025-11-29 02:11:35.012,0m,8Mi
2025-11-29 02:11:35.670,0m,8Mi
2025-11-29 02:11:36.324,0m,8Mi
2025-11-29 02:11:36.975,0m,8Mi
2025-11-29 02:11:37.627,0m,8Mi
2025-11-29 02:11:38.280,0m,8Mi
2025-11-29 02:11:38.937,0m,8Mi
2025-11-29 02:11:39.599,0m,8Mi
2025-11-29 02:11:40.253,0m,8Mi
2025-11-29 02:11:40.914,0m,8Mi
2025-11-29 02:11:41.573,0m,8Mi
2025-11-29 02:11:42.231,0m,8Mi
2025-11-29 02:11:42.880,0m,8Mi
2025-11-29 02:11:43.540,0m,8Mi
2025-11-29 02:11:44.194,0m,8Mi
2025-11-29 02:11:44.850,0m,8Mi
2025-11-29 02:11:45.502,0m,8Mi
2025-11-29 02:11:46.159,0m,8Mi
2025-11-29 02:11:46.810,0m,8Mi
2025-11-29 02:11:47.463,0m,8Mi
2025-11-29 02:11:48.116,0m,8Mi
2025-11-29 02:11:48.775,0m,8Mi
2025-11-29 02:11:49.422,0m,8Mi
2025-11-29 02:11:50.087,0m,8Mi
2025-11-29 02:11:50.743,0m,8Mi
2025-11-29 02:11:51.405,0m,8Mi
2025-11-29 02:11:52.061,0m,8Mi
2025-11-29 02:11:52.720,0m,8Mi
2025-11-29 02:11:53.377,0m,8Mi
2025-11-29 02:11:54.037,0m,8Mi
2025-11-29 02:11:54.693,0m,8Mi
2025-11-29 02:11:55.352,0m,8Mi
2025-11-29 02:11:56.003,0m,8Mi
2025-11-29 02:11:56.676,0m,8Mi
2025-11-29 02:11:57.330,0m,8Mi
2025-11-29 02:11:57.987,0m,8Mi
2025-11-29 02:11:58.641,0m,8Mi
2025-11-29 02:11:59.294,0m,8Mi
2025-11-29 02:11:59.954,0m,8Mi
2025-11-29 02:12:00.609,0m,8Mi
2025-11-29 02:12:01.264,0m,8Mi
2025-11-29 02:12:01.919,0m,8Mi
2025-11-29 02:12:02.570,0m,8Mi
2025-11-29 02:12:03.228,0m,8Mi
2025-11-29 02:12:03.878,0m,8Mi
2025-11-29 02:12:04.527,0m,8Mi
2025-11-29 02:12:05.176,0m,8Mi
2025-11-29 02:12:05.834,0m,8Mi
2025-11-29 02:12:06.492,0m,8Mi
2025-11-29 02:12:07.146,0m,8Mi
2025-11-29 02:12:07.804,0m,8Mi
2025-11-29 02:12:08.458,0m,8Mi
2025-11-29 02:12:09.112,0m,8Mi
2025-11-29 02:12:09.765,0m,8Mi
2025-11-29 02:12:10.420,0m,8Mi
2025-11-29 02:12:11.074,0m,8Mi
2025-11-29 02:12:11.736,0m,8Mi
2025-11-29 02:12:12.393,0m,8Mi
2025-11-29 02:12:13.045,0m,8Mi
2025-11-29 02:12:13.705,0m,8Mi
2025-11-29 02:12:14.359,0m,8Mi
2025-11-29 02:12:15.010,0m,8Mi
2025-11-29 02:12:15.665,0m,8Mi
2025-11-29 02:12:16.316,0m,8Mi
2025-11-29 02:12:16.965,0m,8Mi
2025-11-29 02:12:17.622,0m,8Mi
2025-11-29 02:12:18.276,0m,8Mi
2025-11-29 02:12:18.925,0m,8Mi
2025-11-29 02:12:19.583,0m,8Mi
2025-11-29 02:12:20.235,0m,8Mi
2025-11-29 02:12:20.892,0m,8Mi
2025-11-29 02:12:21.549,0m,8Mi
2025-11-29 02:12:22.203,0m,8Mi
2025-11-29 02:12:22.859,0m,8Mi
2025-11-29 02:12:23.511,0m,8Mi
2025-11-29 02:12:24.166,0m,8Mi
2025-11-29 02:12:24.825,0m,8Mi
2025-11-29 02:12:25.475,0m,8Mi
2025-11-29 02:12:26.133,0m,8Mi
2025-11-29 02:12:26.787,0m,8Mi
2025-11-29 02:12:27.442,0m,8Mi
2025-11-29 02:12:28.100,0m,8Mi
2025-11-29 02:12:28.759,0m,8Mi
2025-11-29 02:12:29.411,0m,8Mi
2025-11-29 02:12:30.067,0m,8Mi
2025-11-29 02:12:30.718,0m,8Mi
2025-11-29 02:12:31.370,0m,8Mi
2025-11-29 02:12:32.027,0m,8Mi
2025-11-29 02:12:32.688,0m,8Mi
2025-11-29 02:12:33.344,0m,8Mi
2025-11-29 02:12:34.005,0m,8Mi
2025-11-29 02:12:34.660,0m,8Mi
2025-11-29 02:12:35.320,0m,8Mi
2025-11-29 02:12:35.972,0m,8Mi
2025-11-29 02:12:36.638,0m,8Mi
2025-11-29 02:12:37.301,0m,8Mi
2025-11-29 02:12:37.956,0m,8Mi
2025-11-29 02:12:38.612,0m,8Mi
2025-11-29 02:12:39.265,0m,8Mi
2025-11-29 02:12:39.912,0m,8Mi
2025-11-29 02:12:40.563,0m,8Mi
2025-11-29 02:12:41.211,0m,8Mi
2025-11-29 02:12:41.869,0m,8Mi
2025-11-29 02:12:42.520,0m,8Mi
2025-11-29 02:12:43.171,0m,8Mi
2025-11-29 02:12:43.834,0m,8Mi
2025-11-29 02:12:44.490,0m,8Mi
2025-11-29 02:12:45.148,0m,8Mi
2025-11-29 02:12:45.804,0m,8Mi
2025-11-29 02:12:46.459,0m,8Mi
2025-11-29 02:12:47.116,0m,8Mi
2025-11-29 02:12:47.776,0m,8Mi
2025-11-29 02:12:48.436,0m,8Mi
2025-11-29 02:12:49.098,0m,8Mi
2025-11-29 02:12:49.750,0m,8Mi
2025-11-29 02:12:50.404,0m,8Mi
2025-11-29 02:12:51.058,0m,8Mi
2025-11-29 02:12:51.720,0m,8Mi
2025-11-29 02:12:52.376,0m,8Mi
2025-11-29 02:12:53.035,0m,8Mi
2025-11-29 02:12:53.702,0m,8Mi
2025-11-29 02:12:54.360,0m,8Mi
2025-11-29 02:12:55.014,0m,8Mi
2025-11-29 02:12:55.667,0m,8Mi
2025-11-29 02:12:56.321,0m,8Mi
2025-11-29 02:12:56.979,0m,8Mi
2025-11-29 02:12:57.630,0m,8Mi
2025-11-29 02:12:58.291,0m,8Mi
2025-11-29 02:12:58.951,0m,8Mi
2025-11-29 02:12:59.609,0m,8Mi
2025-11-29 02:13:00.262,0m,8Mi
2025-11-29 02:13:00.923,0m,8Mi
2025-11-29 02:13:01.580,0m,8Mi
2025-11-29 02:13:02.232,0m,8Mi
2025-11-29 02:13:02.892,0m,8Mi
2025-11-29 02:13:03.543,0m,8Mi
2025-11-29 02:13:04.198,0m,8Mi
2025-11-29 02:13:04.851,0m,8Mi
2025-11-29 02:13:05.507,0m,8Mi
2025-11-29 02:13:06.160,0m,8Mi
2025-11-29 02:13:06.817,0m,8Mi
2025-11-29 02:13:07.473,0m,8Mi
2025-11-29 02:13:08.132,0m,8Mi
2025-11-29 02:13:08.791,0m,8Mi
2025-11-29 02:13:09.443,0m,8Mi
2025-11-29 02:13:10.104,0m,8Mi
2025-11-29 02:13:10.771,0m,8Mi
2025-11-29 02:13:11.423,0m,8Mi
2025-11-29 02:13:12.076,0m,8Mi
2025-11-29 02:13:12.724,0m,8Mi
2025-11-29 02:13:13.384,0m,8Mi
2025-11-29 02:13:14.049,0m,8Mi
2025-11-29 02:13:14.710,0m,8Mi
2025-11-29 02:13:15.366,0m,8Mi
2025-11-29 02:13:16.019,0m,8Mi
2025-11-29 02:13:16.681,0m,8Mi
2025-11-29 02:13:17.333,0m,8Mi
2025-11-29 02:13:17.990,0m,8Mi
2025-11-29 02:13:18.649,0m,8Mi
2025-11-29 02:13:19.298,0m,8Mi
2025-11-29 02:13:19.953,0m,8Mi
2025-11-29 02:13:20.605,0m,8Mi
2025-11-29 02:13:21.258,0m,8Mi
2025-11-29 02:13:21.927,0m,8Mi
2025-11-29 02:13:22.584,0m,8Mi
2025-11-29 02:13:23.240,0m,8Mi
2025-11-29 02:13:23.902,0m,8Mi
2025-11-29 02:13:24.561,0m,8Mi
2025-11-29 02:13:25.217,0m,8Mi
2025-11-29 02:13:25.867,0m,8Mi
2025-11-29 02:13:26.525,0m,8Mi
2025-11-29 02:13:27.179,0m,8Mi
2025-11-29 02:13:27.839,0m,8Mi
2025-11-29 02:13:28.494,0m,8Mi
2025-11-29 02:13:29.148,0m,8Mi
2025-11-29 02:13:29.801,0m,8Mi
2025-11-29 02:13:30.455,0m,8Mi
2025-11-29 02:13:31.112,0m,8Mi
2025-11-29 02:13:31.775,0m,8Mi
2025-11-29 02:13:32.426,0m,8Mi
2025-11-29 02:13:33.082,0m,8Mi
2025-11-29 02:13:33.741,0m,8Mi
2025-11-29 02:13:34.400,0m,8Mi
2025-11-29 02:13:35.060,0m,8Mi
2025-11-29 02:13:35.726,0m,8Mi
2025-11-29 02:13:36.379,0m,8Mi
2025-11-29 02:13:37.035,0m,8Mi
2025-11-29 02:13:37.698,0m,8Mi
2025-11-29 02:13:38.353,0m,8Mi
2025-11-29 02:13:39.011,0m,8Mi
2025-11-29 02:13:39.662,0m,8Mi
2025-11-29 02:13:40.315,0m,8Mi
2025-11-29 02:13:40.967,0m,8Mi
2025-11-29 02:13:41.622,0m,8Mi
2025-11-29 02:13:42.278,0m,8Mi
2025-11-29 02:13:42.928,0m,8Mi
2025-11-29 02:13:43.592,0m,8Mi
2025-11-29 02:13:44.254,0m,8Mi
2025-11-29 02:13:44.908,0m,8Mi
2025-11-29 02:13:45.563,0m,8Mi
2025-11-29 02:13:46.222,0m,8Mi
2025-11-29 02:13:46.882,0m,8Mi
2025-11-29 02:13:47.544,0m,8Mi
2025-11-29 02:13:48.207,0m,8Mi
2025-11-29 02:13:48.873,0m,8Mi
2025-11-29 02:13:49.528,0m,8Mi
2025-11-29 02:13:50.186,0m,8Mi
2025-11-29 02:13:50.847,0m,8Mi
2025-11-29 02:13:51.502,0m,8Mi
2025-11-29 02:13:52.170,0m,8Mi
2025-11-29 02:13:52.831,0m,8Mi
2025-11-29 02:13:53.483,0m,8Mi
2025-11-29 02:13:54.140,0m,8Mi
2025-11-29 02:13:54.797,0m,8Mi
2025-11-29 02:13:55.449,0m,8Mi
2025-11-29 02:13:56.111,0m,8Mi
2025-11-29 02:13:56.769,0m,8Mi
2025-11-29 02:13:57.433,0m,8Mi
2025-11-29 02:13:58.091,0m,8Mi
2025-11-29 02:13:58.745,0m,8Mi
2025-11-29 02:13:59.401,0m,8Mi
2025-11-29 02:14:00.054,0m,8Mi
2025-11-29 02:14:00.714,0m,8Mi
2025-11-29 02:14:01.369,0m,8Mi
2025-11-29 02:14:02.024,0m,8Mi
2025-11-29 02:14:02.680,0m,8Mi
2025-11-29 02:14:03.342,0m,8Mi
2025-11-29 02:14:03.998,0m,8Mi
2025-11-29 02:14:04.653,0m,8Mi
2025-11-29 02:14:05.306,0m,8Mi
2025-11-29 02:14:05.966,0m,8Mi
2025-11-29 02:14:06.623,0m,8Mi
2025-11-29 02:14:07.283,0m,8Mi
2025-11-29 02:14:07.941,0m,8Mi
2025-11-29 02:14:08.605,0m,8Mi
2025-11-29 02:14:09.266,0m,8Mi
2025-11-29 02:14:09.919,0m,8Mi
2025-11-29 02:14:10.570,0m,8Mi
2025-11-29 02:14:11.227,0m,8Mi
2025-11-29 02:14:11.885,0m,8Mi
2025-11-29 02:14:12.536,0m,8Mi
2025-11-29 02:14:13.200,0m,8Mi
2025-11-29 02:14:13.851,0m,8Mi
2025-11-29 02:14:14.514,0m,8Mi
2025-11-29 02:14:15.173,0m,8Mi
2025-11-29 02:14:15.831,0m,8Mi
2025-11-29 02:14:16.489,0m,8Mi
2025-11-29 02:14:17.142,0m,8Mi
2025-11-29 02:14:17.796,0m,8Mi
2025-11-29 02:14:18.453,0m,8Mi
2025-11-29 02:14:19.110,0m,8Mi
2025-11-29 02:14:19.765,0m,8Mi
2025-11-29 02:14:20.419,0m,8Mi
2025-11-29 02:14:21.082,0m,8Mi
2025-11-29 02:14:21.734,0m,8Mi
2025-11-29 02:14:22.385,0m,8Mi
2025-11-29 02:14:23.040,0m,8Mi
2025-11-29 02:14:23.700,0m,8Mi
2025-11-29 02:14:24.361,0m,8Mi
2025-11-29 02:14:25.021,0m,8Mi
2025-11-29 02:14:25.673,0m,8Mi
2025-11-29 02:14:26.326,0m,8Mi
2025-11-29 02:14:26.975,0m,8Mi
2025-11-29 02:14:27.629,0m,8Mi
2025-11-29 02:14:28.283,0m,8Mi
2025-11-29 02:14:28.943,0m,8Mi
2025-11-29 02:14:29.595,0m,8Mi
2025-11-29 02:14:30.246,0m,8Mi
2025-11-29 02:14:30.898,0m,8Mi
2025-11-29 02:14:31.554,0m,8Mi
2025-11-29 02:14:32.207,0m,8Mi
2025-11-29 02:14:32.860,0m,8Mi
2025-11-29 02:14:33.518,0m,8Mi
2025-11-29 02:14:34.170,0m,8Mi
2025-11-29 02:14:34.826,0m,8Mi
2025-11-29 02:14:35.481,0m,8Mi
2025-11-29 02:14:36.134,0m,8Mi
2025-11-29 02:14:36.788,0m,8Mi
2025-11-29 02:14:37.452,0m,8Mi
2025-11-29 02:14:38.117,0m,8Mi
2025-11-29 02:14:38.771,0m,8Mi
2025-11-29 02:14:39.425,0m,8Mi
2025-11-29 02:14:40.084,0m,8Mi
2025-11-29 02:14:40.737,0m,8Mi
2025-11-29 02:14:41.395,0m,8Mi
2025-11-29 02:14:42.053,0m,8Mi
2025-11-29 02:14:42.718,0m,8Mi
2025-11-29 02:14:43.379,0m,8Mi
2025-11-29 02:14:44.046,0m,8Mi
2025-11-29 02:14:44.707,0m,8Mi
2025-11-29 02:14:45.365,0m,8Mi
2025-11-29 02:14:46.027,0m,8Mi
2025-11-29 02:14:46.690,0m,8Mi
2025-11-29 02:14:47.341,0m,8Mi
2025-11-29 02:14:48.010,0m,8Mi
2025-11-29 02:14:48.663,0m,8Mi
2025-11-29 02:14:49.314,0m,8Mi
2025-11-29 02:14:49.972,0m,8Mi
2025-11-29 02:14:50.629,0m,8Mi
2025-11-29 02:14:51.282,0m,8Mi
2025-11-29 02:14:51.944,0m,8Mi
2025-11-29 02:14:52.606,0m,8Mi
2025-11-29 02:14:53.259,0m,8Mi
2025-11-29 02:14:53.918,0m,8Mi
2025-11-29 02:14:54.575,0m,8Mi
2025-11-29 02:14:55.228,0m,8Mi
2025-11-29 02:14:55.877,0m,8Mi
2025-11-29 02:14:56.540,0m,8Mi
2025-11-29 02:14:57.186,0m,8Mi
2025-11-29 02:14:57.846,0m,8Mi
2025-11-29 02:14:58.501,0m,8Mi
2025-11-29 02:14:59.152,0m,8Mi
2025-11-29 02:14:59.808,0m,8Mi
2025-11-29 02:15:00.457,0m,8Mi
2025-11-29 02:15:01.113,0m,8Mi
2025-11-29 02:15:01.761,0m,8Mi
2025-11-29 02:15:02.413,0m,8Mi
2025-11-29 02:15:03.065,0m,8Mi
2025-11-29 02:15:03.716,0m,8Mi
2025-11-29 02:15:04.363,0m,8Mi
2025-11-29 02:15:05.016,0m,8Mi
2025-11-29 02:15:05.668,0m,8Mi
2025-11-29 02:15:06.324,0m,8Mi
2025-11-29 02:15:06.977,0m,8Mi
2025-11-29 02:15:07.638,0m,8Mi
2025-11-29 02:15:08.289,0m,8Mi
2025-11-29 02:15:08.945,0m,8Mi
2025-11-29 02:15:09.601,0m,8Mi
2025-11-29 02:15:10.261,0m,8Mi
2025-11-29 02:15:10.926,0m,8Mi
2025-11-29 02:15:11.581,0m,8Mi
2025-11-29 02:15:12.233,0m,8Mi
2025-11-29 02:15:12.887,0m,8Mi
2025-11-29 02:15:13.540,0m,8Mi
2025-11-29 02:15:14.197,0m,8Mi
2025-11-29 02:15:14.860,0m,8Mi
2025-11-29 02:15:15.511,0m,8Mi
2025-11-29 02:15:16.158,0m,8Mi
2025-11-29 02:15:16.811,0m,8Mi
2025-11-29 02:15:17.468,0m,8Mi
2025-11-29 02:15:18.120,0m,8Mi
2025-11-29 02:15:18.777,0m,8Mi
2025-11-29 02:15:19.436,0m,8Mi
2025-11-29 02:15:20.090,0m,8Mi
2025-11-29 02:15:20.746,0m,8Mi
2025-11-29 02:15:21.409,0m,8Mi
2025-11-29 02:15:22.070,0m,8Mi
2025-11-29 02:15:22.723,0m,8Mi
2025-11-29 02:15:23.381,0m,8Mi
2025-11-29 02:15:24.035,0m,8Mi
2025-11-29 02:15:24.689,0m,8Mi
2025-11-29 02:15:25.351,0m,8Mi
2025-11-29 02:15:26.013,0m,8Mi
2025-11-29 02:15:26.679,0m,8Mi
2025-11-29 02:15:27.339,0m,8Mi
2025-11-29 02:15:28.006,0m,8Mi
2025-11-29 02:15:28.657,0m,8Mi
2025-11-29 02:15:29.324,0m,8Mi
2025-11-29 02:15:29.979,0m,8Mi
2025-11-29 02:15:30.630,0m,8Mi
2025-11-29 02:15:31.286,0m,8Mi
2025-11-29 02:15:31.953,0m,8Mi
2025-11-29 02:15:32.602,0m,8Mi
2025-11-29 02:15:33.265,0m,8Mi
2025-11-29 02:15:33.921,0m,8Mi
2025-11-29 02:15:34.582,0m,8Mi
2025-11-29 02:15:35.243,0m,8Mi
2025-11-29 02:15:35.901,0m,8Mi
2025-11-29 02:15:36.552,0m,8Mi
2025-11-29 02:15:37.215,0m,8Mi
2025-11-29 02:15:37.873,0m,8Mi
2025-11-29 02:15:38.531,0m,8Mi
2025-11-29 02:15:39.185,0m,8Mi
2025-11-29 02:15:39.839,0m,8Mi
2025-11-29 02:15:40.491,0m,8Mi
2025-11-29 02:15:41.157,0m,8Mi
2025-11-29 02:15:41.810,0m,8Mi
2025-11-29 02:15:42.464,0m,8Mi
2025-11-29 02:15:43.117,0m,8Mi
2025-11-29 02:15:43.783,0m,8Mi
2025-11-29 02:15:44.440,0m,8Mi
2025-11-29 02:15:45.100,0m,8Mi
2025-11-29 02:15:45.754,0m,8Mi
2025-11-29 02:15:46.416,0m,8Mi
2025-11-29 02:15:47.069,0m,8Mi
2025-11-29 02:15:47.730,0m,8Mi
2025-11-29 02:15:48.384,0m,8Mi
2025-11-29 02:15:49.044,0m,8Mi
2025-11-29 02:15:49.698,0m,8Mi
2025-11-29 02:15:50.356,0m,8Mi
2025-11-29 02:15:51.017,0m,8Mi
2025-11-29 02:15:51.672,0m,8Mi
2025-11-29 02:15:52.325,0m,8Mi
2025-11-29 02:15:52.982,0m,8Mi
2025-11-29 02:15:53.636,0m,8Mi
2025-11-29 02:15:54.291,0m,8Mi
2025-11-29 02:15:54.947,0m,8Mi
2025-11-29 02:15:55.613,0m,8Mi
2025-11-29 02:15:56.268,0m,8Mi
2025-11-29 02:15:56.926,0m,8Mi
2025-11-29 02:15:57.578,0m,8Mi
2025-11-29 02:15:58.233,0m,8Mi
2025-11-29 02:15:58.881,0m,8Mi
2025-11-29 02:15:59.540,0m,8Mi
2025-11-29 02:16:00.201,0m,8Mi
2025-11-29 02:16:00.853,0m,8Mi
2025-11-29 02:16:01.505,0m,8Mi
2025-11-29 02:16:02.162,0m,8Mi
2025-11-29 02:16:02.820,0m,8Mi
2025-11-29 02:16:03.476,0m,8Mi
2025-11-29 02:16:04.127,0m,8Mi
2025-11-29 02:16:04.784,0m,8Mi
2025-11-29 02:16:05.439,0m,8Mi
2025-11-29 02:16:06.092,0m,8Mi
2025-11-29 02:16:06.748,0m,8Mi
2025-11-29 02:16:07.403,0m,8Mi
2025-11-29 02:16:08.056,0m,8Mi
2025-11-29 02:16:08.720,0m,8Mi
2025-11-29 02:16:09.378,0m,8Mi
2025-11-29 02:16:10.034,0m,8Mi
2025-11-29 02:16:10.691,0m,8Mi
2025-11-29 02:16:11.350,0m,8Mi
2025-11-29 02:16:12.007,0m,8Mi
2025-11-29 02:16:12.670,0m,8Mi
2025-11-29 02:16:13.321,0m,8Mi
2025-11-29 02:16:13.973,0m,8Mi
2025-11-29 02:16:14.622,0m,8Mi
2025-11-29 02:16:15.275,0m,8Mi
2025-11-29 02:16:15.934,0m,8Mi
2025-11-29 02:16:16.605,0m,8Mi
2025-11-29 02:16:17.255,0m,8Mi
2025-11-29 02:16:17.914,0m,8Mi
2025-11-29 02:16:18.567,0m,8Mi
2025-11-29 02:16:19.229,0m,8Mi
2025-11-29 02:16:19.896,0m,8Mi
2025-11-29 02:16:20.553,0m,8Mi
2025-11-29 02:16:21.205,0m,8Mi
2025-11-29 02:16:21.858,0m,8Mi
2025-11-29 02:16:22.514,0m,8Mi
2025-11-29 02:16:23.174,0m,8Mi
2025-11-29 02:16:23.829,0m,8Mi
2025-11-29 02:16:24.482,0m,8Mi
2025-11-29 02:16:25.142,0m,8Mi
2025-11-29 02:16:25.807,0m,8Mi
2025-11-29 02:16:26.463,0m,8Mi
2025-11-29 02:16:27.126,0m,8Mi
2025-11-29 02:16:27.785,0m,8Mi
2025-11-29 02:16:28.437,0m,8Mi
2025-11-29 02:16:29.092,0m,8Mi
2025-11-29 02:16:29.744,0m,8Mi
2025-11-29 02:16:30.398,0m,8Mi
2025-11-29 02:16:31.052,0m,8Mi
2025-11-29 02:16:31.717,0m,8Mi
2025-11-29 02:16:32.377,0m,8Mi
2025-11-29 02:16:33.033,0m,8Mi
2025-11-29 02:16:33.689,0m,8Mi
2025-11-29 02:16:34.339,0m,8Mi
2025-11-29 02:16:34.995,0m,8Mi
2025-11-29 02:16:35.649,0m,8Mi
2025-11-29 02:16:36.300,0m,8Mi
2025-11-29 02:16:36.952,0m,8Mi
2025-11-29 02:16:37.607,0m,8Mi
2025-11-29 02:16:38.257,0m,8Mi
2025-11-29 02:16:38.911,0m,8Mi
2025-11-29 02:16:39.572,0m,8Mi
2025-11-29 02:16:40.228,0m,8Mi
2025-11-29 02:16:40.886,0m,8Mi
2025-11-29 02:16:41.545,0m,8Mi
2025-11-29 02:16:42.196,0m,8Mi
2025-11-29 02:16:42.849,0m,8Mi
2025-11-29 02:16:43.509,0m,8Mi
2025-11-29 02:16:44.170,0m,8Mi
2025-11-29 02:16:44.829,0m,8Mi
2025-11-29 02:16:45.488,0m,8Mi
2025-11-29 02:16:46.141,0m,8Mi
2025-11-29 02:16:46.805,0m,8Mi
2025-11-29 02:16:47.461,0m,8Mi
2025-11-29 02:16:48.111,0m,8Mi
2025-11-29 02:16:48.766,0m,8Mi
2025-11-29 02:16:49.422,0m,8Mi
2025-11-29 02:16:50.078,0m,8Mi
2025-11-29 02:16:50.736,0m,8Mi
2025-11-29 02:16:51.397,0m,8Mi
2025-11-29 02:16:52.058,0m,8Mi
2025-11-29 02:16:52.711,0m,8Mi
2025-11-29 02:16:53.371,0m,8Mi
2025-11-29 02:16:54.032,0m,8Mi
2025-11-29 02:16:54.686,0m,8Mi
2025-11-29 02:16:55.338,0m,8Mi
2025-11-29 02:16:55.997,0m,8Mi
2025-11-29 02:16:56.657,0m,8Mi
2025-11-29 02:16:57.310,0m,8Mi
2025-11-29 02:16:57.964,0m,8Mi
2025-11-29 02:16:58.622,0m,8Mi
2025-11-29 02:16:59.281,0m,8Mi
2025-11-29 02:16:59.936,0m,8Mi
2025-11-29 02:17:00.587,0m,8Mi
2025-11-29 02:17:01.242,0m,8Mi
2025-11-29 02:17:01.899,0m,8Mi
2025-11-29 02:17:02.557,0m,8Mi
2025-11-29 02:17:03.217,0m,8Mi
2025-11-29 02:17:03.878,0m,8Mi
2025-11-29 02:17:04.530,0m,8Mi
2025-11-29 02:17:05.180,0m,8Mi
2025-11-29 02:17:05.849,0m,8Mi
2025-11-29 02:17:06.508,0m,8Mi
2025-11-29 02:17:07.167,0m,8Mi
2025-11-29 02:17:07.829,0m,8Mi
2025-11-29 02:17:08.494,0m,8Mi
2025-11-29 02:17:09.147,0m,8Mi
2025-11-29 02:17:09.800,0m,8Mi
2025-11-29 02:17:10.460,0m,8Mi
2025-11-29 02:17:11.119,0m,8Mi
2025-11-29 02:17:11.774,0m,8Mi
2025-11-29 02:17:12.434,0m,8Mi
2025-11-29 02:17:13.099,0m,8Mi
2025-11-29 02:17:13.750,0m,8Mi
2025-11-29 02:17:14.401,0m,8Mi
2025-11-29 02:17:15.061,0m,8Mi
2025-11-29 02:17:15.714,0m,8Mi
2025-11-29 02:17:16.367,0m,8Mi
2025-11-29 02:17:17.024,0m,8Mi
2025-11-29 02:17:17.677,0m,8Mi
2025-11-29 02:17:18.328,0m,8Mi
2025-11-29 02:17:18.986,0m,8Mi
2025-11-29 02:17:19.643,0m,8Mi
2025-11-29 02:17:20.307,0m,8Mi
2025-11-29 02:17:20.967,0m,8Mi
2025-11-29 02:17:21.626,0m,8Mi
2025-11-29 02:17:22.284,0m,8Mi
2025-11-29 02:17:22.943,0m,8Mi
2025-11-29 02:17:23.613,0m,8Mi
2025-11-29 02:17:24.262,0m,8Mi
2025-11-29 02:17:24.921,0m,8Mi
2025-11-29 02:17:25.576,0m,8Mi
2025-11-29 02:17:26.230,0m,8Mi
2025-11-29 02:17:26.886,0m,8Mi
2025-11-29 02:17:27.542,0m,8Mi
2025-11-29 02:17:28.202,0m,8Mi
2025-11-29 02:17:28.864,0m,8Mi
2025-11-29 02:17:29.521,0m,8Mi
2025-11-29 02:17:30.181,0m,8Mi
2025-11-29 02:17:30.844,0m,8Mi
2025-11-29 02:17:31.508,0m,8Mi
2025-11-29 02:17:32.161,0m,8Mi
2025-11-29 02:17:32.823,0m,8Mi
2025-11-29 02:17:33.481,0m,8Mi
2025-11-29 02:17:34.140,0m,8Mi
2025-11-29 02:17:34.794,0m,8Mi
2025-11-29 02:17:35.453,0m,8Mi
2025-11-29 02:17:36.111,0m,8Mi
2025-11-29 02:17:36.765,0m,8Mi
2025-11-29 02:17:37.422,0m,8Mi
2025-11-29 02:17:38.082,0m,8Mi
2025-11-29 02:17:38.743,0m,8Mi
2025-11-29 02:17:39.406,0m,8Mi
2025-11-29 02:17:40.076,0m,8Mi
2025-11-29 02:17:40.737,0m,8Mi
2025-11-29 02:17:41.394,0m,8Mi
2025-11-29 02:17:42.053,0m,8Mi
2025-11-29 02:17:42.701,0m,8Mi
2025-11-29 02:17:43.361,0m,8Mi
2025-11-29 02:17:44.018,0m,8Mi
2025-11-29 02:17:44.673,0m,8Mi
2025-11-29 02:17:45.326,0m,8Mi
2025-11-29 02:17:45.983,0m,8Mi
2025-11-29 02:17:46.654,0m,8Mi
2025-11-29 02:17:47.316,0m,8Mi
2025-11-29 02:17:47.967,0m,8Mi
2025-11-29 02:17:48.628,0m,8Mi
2025-11-29 02:17:49.286,0m,8Mi
2025-11-29 02:17:49.946,0m,8Mi
2025-11-29 02:17:50.603,0m,8Mi
2025-11-29 02:17:51.258,0m,8Mi
2025-11-29 02:17:51.917,0m,8Mi
2025-11-29 02:17:52.575,0m,8Mi
2025-11-29 02:17:53.226,0m,8Mi
2025-11-29 02:17:53.883,0m,8Mi
2025-11-29 02:17:54.540,0m,8Mi
2025-11-29 02:17:55.205,0m,8Mi
2025-11-29 02:17:55.866,0m,8Mi
2025-11-29 02:17:56.533,0m,8Mi
2025-11-29 02:17:57.188,0m,8Mi
2025-11-29 02:17:57.840,0m,8Mi
2025-11-29 02:17:58.495,0m,8Mi
2025-11-29 02:17:59.155,0m,8Mi
2025-11-29 02:17:59.811,0m,8Mi
2025-11-29 02:18:00.468,0m,8Mi
2025-11-29 02:18:01.130,0m,8Mi
2025-11-29 02:18:01.785,0m,8Mi
2025-11-29 02:18:02.442,0m,8Mi
2025-11-29 02:18:03.108,0m,8Mi
2025-11-29 02:18:03.759,0m,8Mi
2025-11-29 02:18:04.411,0m,8Mi
2025-11-29 02:18:05.067,0m,8Mi
2025-11-29 02:18:05.722,0m,8Mi
2025-11-29 02:18:06.383,0m,8Mi
2025-11-29 02:18:07.049,0m,8Mi
2025-11-29 02:18:07.698,0m,8Mi
2025-11-29 02:18:08.350,0m,8Mi
2025-11-29 02:18:09.016,0m,8Mi
2025-11-29 02:18:09.668,0m,8Mi
2025-11-29 02:18:10.319,0m,8Mi
2025-11-29 02:18:10.980,0m,8Mi
2025-11-29 02:18:11.636,0m,8Mi
2025-11-29 02:18:12.297,0m,8Mi
2025-11-29 02:18:12.953,0m,8Mi
2025-11-29 02:18:13.615,0m,8Mi
2025-11-29 02:18:14.262,0m,8Mi
2025-11-29 02:18:14.922,0m,8Mi
2025-11-29 02:18:15.577,0m,8Mi
2025-11-29 02:18:16.238,0m,8Mi
2025-11-29 02:18:16.898,0m,8Mi
2025-11-29 02:18:17.555,0m,8Mi
2025-11-29 02:18:18.214,0m,8Mi
2025-11-29 02:18:18.867,0m,8Mi
2025-11-29 02:18:19.525,0m,8Mi
2025-11-29 02:18:20.185,0m,8Mi
2025-11-29 02:18:20.841,0m,8Mi
2025-11-29 02:18:21.502,0m,8Mi
2025-11-29 02:18:22.152,0m,8Mi
2025-11-29 02:18:22.812,0m,8Mi
2025-11-29 02:18:23.463,0m,8Mi
2025-11-29 02:18:24.116,0m,8Mi
2025-11-29 02:18:24.763,0m,8Mi
2025-11-29 02:18:25.418,0m,8Mi
2025-11-29 02:18:26.071,0m,8Mi
2025-11-29 02:18:26.731,0m,8Mi
2025-11-29 02:18:27.396,0m,8Mi
2025-11-29 02:18:28.054,0m,8Mi
2025-11-29 02:18:28.714,0m,8Mi
2025-11-29 02:18:29.371,0m,8Mi
2025-11-29 02:18:30.031,0m,8Mi
2025-11-29 02:18:30.690,0m,8Mi
2025-11-29 02:18:31.344,0m,8Mi
2025-11-29 02:18:32.009,0m,8Mi
2025-11-29 02:18:32.665,0m,8Mi
2025-11-29 02:18:33.325,0m,8Mi
2025-11-29 02:18:33.982,0m,8Mi
2025-11-29 02:18:34.634,0m,8Mi
2025-11-29 02:18:35.289,0m,8Mi
2025-11-29 02:18:35.954,0m,8Mi
2025-11-29 02:18:36.620,0m,8Mi
2025-11-29 02:18:37.277,0m,8Mi
2025-11-29 02:18:37.929,0m,8Mi
2025-11-29 02:18:38.581,0m,8Mi
2025-11-29 02:18:39.240,0m,8Mi
2025-11-29 02:18:39.901,0m,8Mi
2025-11-29 02:18:40.557,0m,8Mi
2025-11-29 02:18:41.212,0m,8Mi
2025-11-29 02:18:41.868,0m,8Mi
2025-11-29 02:18:42.529,0m,8Mi
2025-11-29 02:18:43.191,0m,8Mi
2025-11-29 02:18:43.850,0m,8Mi
2025-11-29 02:18:44.506,0m,8Mi
2025-11-29 02:18:45.167,0m,8Mi
2025-11-29 02:18:45.823,0m,8Mi
2025-11-29 02:18:46.475,0m,8Mi
2025-11-29 02:18:47.137,0m,8Mi
2025-11-29 02:18:47.790,0m,8Mi
2025-11-29 02:18:48.449,0m,8Mi
2025-11-29 02:18:49.110,0m,8Mi
2025-11-29 02:18:49.762,0m,8Mi
2025-11-29 02:18:50.424,0m,8Mi
2025-11-29 02:18:51.077,0m,8Mi
2025-11-29 02:18:51.740,0m,8Mi
2025-11-29 02:18:52.395,0m,8Mi
2025-11-29 02:18:53.058,0m,8Mi
2025-11-29 02:18:53.713,0m,8Mi
2025-11-29 02:18:54.365,0m,8Mi
2025-11-29 02:18:55.035,0m,8Mi
2025-11-29 02:18:55.697,0m,8Mi
2025-11-29 02:18:56.347,0m,8Mi
2025-11-29 02:18:57.001,0m,8Mi
2025-11-29 02:18:57.657,0m,8Mi
2025-11-29 02:18:58.316,0m,8Mi
2025-11-29 02:18:58.970,0m,8Mi
2025-11-29 02:18:59.627,0m,8Mi
2025-11-29 02:19:00.279,0m,8Mi
2025-11-29 02:19:00.933,0m,8Mi
2025-11-29 02:19:01.606,0m,8Mi
2025-11-29 02:19:02.267,0m,8Mi
2025-11-29 02:19:02.925,0m,8Mi
2025-11-29 02:19:03.579,0m,8Mi
2025-11-29 02:19:04.235,0m,8Mi
2025-11-29 02:19:04.891,0m,8Mi
2025-11-29 02:19:05.544,0m,8Mi
2025-11-29 02:19:06.195,0m,8Mi
2025-11-29 02:19:06.849,0m,8Mi
2025-11-29 02:19:07.509,0m,8Mi
2025-11-29 02:19:08.172,0m,8Mi
2025-11-29 02:19:08.835,0m,8Mi
2025-11-29 02:19:09.489,0m,8Mi
2025-11-29 02:19:10.155,0m,8Mi
2025-11-29 02:19:10.809,0m,8Mi
2025-11-29 02:19:11.476,0m,8Mi
2025-11-29 02:19:12.132,0m,8Mi
2025-11-29 02:19:12.793,0m,8Mi
2025-11-29 02:19:13.445,0m,8Mi
2025-11-29 02:19:14.106,0m,8Mi
2025-11-29 02:19:14.757,0m,8Mi
2025-11-29 02:19:15.417,0m,8Mi
2025-11-29 02:19:16.079,0m,8Mi
2025-11-29 02:19:16.745,0m,8Mi
2025-11-29 02:19:17.399,0m,8Mi
2025-11-29 02:19:18.052,0m,8Mi
2025-11-29 02:19:18.713,0m,8Mi
2025-11-29 02:19:19.372,0m,8Mi
2025-11-29 02:19:20.028,0m,8Mi
2025-11-29 02:19:20.695,0m,8Mi
2025-11-29 02:19:21.344,0m,8Mi
2025-11-29 02:19:21.993,0m,8Mi
2025-11-29 02:19:22.649,0m,8Mi
2025-11-29 02:19:23.311,0m,8Mi
2025-11-29 02:19:23.971,0m,8Mi
2025-11-29 02:19:24.625,0m,8Mi
2025-11-29 02:19:25.278,0m,8Mi
2025-11-29 02:19:25.949,0m,8Mi
2025-11-29 02:19:26.629,0m,8Mi
2025-11-29 02:19:27.288,0m,8Mi
2025-11-29 02:19:27.941,0m,8Mi
2025-11-29 02:19:28.601,0m,8Mi
2025-11-29 02:19:29.256,0m,8Mi
2025-11-29 02:19:29.909,0m,8Mi
2025-11-29 02:19:30.567,0m,8Mi
2025-11-29 02:19:31.225,0m,8Mi
2025-11-29 02:19:31.882,0m,8Mi
2025-11-29 02:19:32.543,0m,8Mi
2025-11-29 02:19:33.200,0m,8Mi
2025-11-29 02:19:33.853,0m,8Mi
2025-11-29 02:19:34.503,0m,8Mi
2025-11-29 02:19:35.157,0m,8Mi
2025-11-29 02:19:35.814,0m,8Mi
2025-11-29 02:19:36.481,0m,8Mi
2025-11-29 02:19:37.137,0m,8Mi
2025-11-29 02:19:37.791,0m,8Mi
2025-11-29 02:19:38.445,0m,8Mi
2025-11-29 02:19:39.103,0m,8Mi
2025-11-29 02:19:39.756,0m,8Mi
2025-11-29 02:19:40.414,0m,8Mi
2025-11-29 02:19:41.064,0m,8Mi
2025-11-29 02:19:41.722,0m,8Mi
2025-11-29 02:19:42.385,0m,8Mi
2025-11-29 02:19:43.053,0m,8Mi
2025-11-29 02:19:43.714,0m,8Mi
2025-11-29 02:19:44.369,0m,8Mi
2025-11-29 02:19:45.037,0m,8Mi
2025-11-29 02:19:45.698,0m,8Mi
2025-11-29 02:19:46.352,0m,8Mi
2025-11-29 02:19:47.012,0m,8Mi
2025-11-29 02:19:47.668,0m,8Mi
2025-11-29 02:19:48.320,0m,8Mi
2025-11-29 02:19:48.972,0m,8Mi
2025-11-29 02:19:49.634,0m,8Mi
2025-11-29 02:19:50.289,0m,8Mi
2025-11-29 02:19:50.942,0m,8Mi
2025-11-29 02:19:51.600,0m,8Mi
2025-11-29 02:19:52.260,0m,8Mi
2025-11-29 02:19:52.916,0m,8Mi
2025-11-29 02:19:53.575,0m,8Mi
2025-11-29 02:19:54.239,0m,8Mi
2025-11-29 02:19:54.900,0m,8Mi
2025-11-29 02:19:55.554,0m,8Mi
2025-11-29 02:19:56.212,0m,8Mi
2025-11-29 02:19:56.862,0m,8Mi
2025-11-29 02:19:57.518,0m,8Mi
2025-11-29 02:19:58.177,0m,8Mi
2025-11-29 02:19:58.830,0m,8Mi
2025-11-29 02:19:59.486,0m,8Mi
2025-11-29 02:20:00.141,0m,8Mi
2025-11-29 02:20:00.794,0m,8Mi
2025-11-29 02:20:01.450,0m,8Mi
2025-11-29 02:20:02.113,0m,8Mi
2025-11-29 02:20:02.767,0m,8Mi
2025-11-29 02:20:03.422,0m,8Mi
2025-11-29 02:20:04.089,0m,8Mi
2025-11-29 02:20:04.748,0m,8Mi
2025-11-29 02:20:05.397,0m,8Mi
2025-11-29 02:20:06.058,0m,8Mi
2025-11-29 02:20:06.730,0m,8Mi
2025-11-29 02:20:07.399,0m,8Mi
2025-11-29 02:20:08.055,0m,8Mi
2025-11-29 02:20:08.708,0m,8Mi
2025-11-29 02:20:09.364,0m,8Mi
2025-11-29 02:20:10.018,0m,8Mi
2025-11-29 02:20:10.670,0m,8Mi
2025-11-29 02:20:11.323,0m,8Mi
2025-11-29 02:20:11.974,0m,8Mi
2025-11-29 02:20:12.628,0m,8Mi
2025-11-29 02:20:13.282,0m,8Mi
2025-11-29 02:20:13.936,0m,8Mi
2025-11-29 02:20:14.587,0m,8Mi
2025-11-29 02:20:15.241,0m,8Mi
2025-11-29 02:20:15.903,0m,8Mi
2025-11-29 02:20:16.572,0m,8Mi
2025-11-29 02:20:17.227,0m,8Mi
2025-11-29 02:20:17.885,0m,8Mi
2025-11-29 02:20:18.544,0m,8Mi
2025-11-29 02:20:19.213,0m,8Mi
2025-11-29 02:20:19.868,0m,8Mi
2025-11-29 02:20:20.526,0m,8Mi
2025-11-29 02:20:21.184,0m,8Mi
2025-11-29 02:20:21.847,0m,8Mi
2025-11-29 02:20:22.510,0m,8Mi
2025-11-29 02:20:23.180,0m,8Mi
2025-11-29 02:20:23.834,0m,8Mi
2025-11-29 02:20:24.493,0m,8Mi
2025-11-29 02:20:25.156,0m,8Mi
2025-11-29 02:20:25.815,0m,8Mi
2025-11-29 02:20:26.477,0m,8Mi
2025-11-29 02:20:27.127,0m,8Mi
2025-11-29 02:20:27.787,0m,8Mi
2025-11-29 02:20:28.450,0m,8Mi
2025-11-29 02:20:29.108,0m,8Mi
2025-11-29 02:20:29.772,0m,8Mi
2025-11-29 02:20:30.429,0m,8Mi
2025-11-29 02:20:31.096,0m,8Mi
2025-11-29 02:20:31.754,0m,8Mi
2025-11-29 02:20:32.415,0m,8Mi
2025-11-29 02:20:33.078,0m,8Mi
2025-11-29 02:20:33.739,0m,8Mi
2025-11-29 02:20:34.396,0m,8Mi
2025-11-29 02:20:35.059,0m,8Mi
2025-11-29 02:20:35.722,0m,8Mi
2025-11-29 02:20:36.385,0m,8Mi
2025-11-29 02:20:37.052,0m,8Mi
2025-11-29 02:20:37.709,0m,8Mi
2025-11-29 02:20:38.365,0m,8Mi
2025-11-29 02:20:39.012,0m,8Mi
2025-11-29 02:20:39.670,0m,8Mi
2025-11-29 02:20:40.322,0m,8Mi
2025-11-29 02:20:40.974,0m,8Mi
2025-11-29 02:20:41.635,0m,8Mi
2025-11-29 02:20:42.292,0m,8Mi
2025-11-29 02:20:42.941,0m,8Mi
2025-11-29 02:20:43.611,0m,8Mi
2025-11-29 02:20:44.268,0m,8Mi
2025-11-29 02:20:44.922,0m,8Mi
2025-11-29 02:20:45.576,0m,8Mi
2025-11-29 02:20:46.235,0m,8Mi
2025-11-29 02:20:46.888,0m,8Mi
2025-11-29 02:20:47.541,0m,8Mi
2025-11-29 02:20:48.197,0m,8Mi
2025-11-29 02:20:48.852,0m,8Mi
2025-11-29 02:20:49.507,0m,8Mi
2025-11-29 02:20:50.169,0m,8Mi
2025-11-29 02:20:50.826,0m,8Mi
2025-11-29 02:20:51.491,0m,8Mi
2025-11-29 02:20:52.153,0m,8Mi
2025-11-29 02:20:52.816,0m,8Mi
2025-11-29 02:20:53.476,0m,8Mi
2025-11-29 02:20:54.142,0m,8Mi
2025-11-29 02:20:54.800,0m,8Mi
2025-11-29 02:20:55.455,0m,8Mi
2025-11-29 02:20:56.113,0m,8Mi
2025-11-29 02:20:56.772,0m,8Mi
2025-11-29 02:20:57.426,0m,8Mi
2025-11-29 02:20:58.092,0m,8Mi
2025-11-29 02:20:58.758,0m,8Mi
2025-11-29 02:20:59.417,0m,8Mi
2025-11-29 02:21:00.073,0m,8Mi
2025-11-29 02:21:00.731,0m,8Mi
2025-11-29 02:21:01.386,0m,8Mi
2025-11-29 02:21:02.037,0m,8Mi
2025-11-29 02:21:02.693,0m,8Mi
2025-11-29 02:21:03.345,0m,8Mi
2025-11-29 02:21:04.000,0m,8Mi
2025-11-29 02:21:04.667,0m,8Mi
2025-11-29 02:21:05.319,0m,8Mi
2025-11-29 02:21:05.975,0m,8Mi
2025-11-29 02:21:06.653,0m,8Mi
2025-11-29 02:21:07.306,0m,8Mi
2025-11-29 02:21:07.964,0m,8Mi
2025-11-29 02:21:08.621,0m,8Mi
2025-11-29 02:21:09.272,0m,8Mi
2025-11-29 02:21:09.924,0m,8Mi
2025-11-29 02:21:10.589,0m,8Mi
2025-11-29 02:21:11.249,0m,8Mi
2025-11-29 02:21:11.904,0m,8Mi
2025-11-29 02:21:12.561,0m,8Mi
2025-11-29 02:21:13.218,0m,8Mi
2025-11-29 02:21:13.878,0m,8Mi
2025-11-29 02:21:14.528,0m,8Mi
2025-11-29 02:21:15.202,0m,8Mi
2025-11-29 02:21:15.855,0m,8Mi
2025-11-29 02:21:16.517,0m,8Mi
2025-11-29 02:21:17.179,0m,8Mi
2025-11-29 02:21:17.835,0m,8Mi
2025-11-29 02:21:18.494,0m,8Mi
2025-11-29 02:21:19.145,0m,8Mi
2025-11-29 02:21:19.800,0m,8Mi
2025-11-29 02:21:20.457,0m,8Mi
2025-11-29 02:21:21.113,0m,8Mi
2025-11-29 02:21:21.774,0m,8Mi
2025-11-29 02:21:22.432,0m,8Mi
2025-11-29 02:21:23.089,0m,8Mi
2025-11-29 02:21:23.750,0m,8Mi
2025-11-29 02:21:24.404,0m,8Mi
2025-11-29 02:21:25.066,0m,8Mi
2025-11-29 02:21:25.720,0m,8Mi
2025-11-29 02:21:26.380,0m,8Mi
2025-11-29 02:21:27.030,0m,8Mi
2025-11-29 02:21:27.690,0m,8Mi
2025-11-29 02:21:28.348,0m,8Mi
2025-11-29 02:21:29.001,0m,8Mi
2025-11-29 02:21:29.651,0m,8Mi
2025-11-29 02:21:30.298,0m,8Mi
2025-11-29 02:21:30.955,0m,8Mi
2025-11-29 02:21:31.615,0m,8Mi
2025-11-29 02:21:32.270,0m,8Mi
2025-11-29 02:21:32.923,0m,8Mi
2025-11-29 02:21:33.585,0m,8Mi
2025-11-29 02:21:34.246,0m,8Mi
2025-11-29 02:21:34.905,0m,8Mi
2025-11-29 02:21:35.560,0m,8Mi
2025-11-29 02:21:36.209,0m,8Mi
2025-11-29 02:21:36.864,0m,8Mi
2025-11-29 02:21:37.530,0m,8Mi
2025-11-29 02:21:38.191,0m,8Mi
2025-11-29 02:21:38.847,0m,8Mi
2025-11-29 02:21:39.505,0m,8Mi
2025-11-29 02:21:40.171,0m,8Mi
2025-11-29 02:21:40.828,0m,8Mi
2025-11-29 02:21:41.488,0m,8Mi
2025-11-29 02:21:42.146,0m,8Mi
2025-11-29 02:21:42.810,0m,8Mi
2025-11-29 02:21:43.463,0m,8Mi
2025-11-29 02:21:44.117,0m,8Mi
2025-11-29 02:21:44.771,0m,8Mi
2025-11-29 02:21:45.431,0m,8Mi
2025-11-29 02:21:46.085,0m,8Mi
2025-11-29 02:21:46.745,0m,8Mi
2025-11-29 02:21:47.404,0m,8Mi
2025-11-29 02:21:48.057,0m,8Mi
2025-11-29 02:21:48.717,0m,8Mi
2025-11-29 02:21:49.366,0m,8Mi
2025-11-29 02:21:50.021,0m,8Mi
2025-11-29 02:21:50.683,0m,8Mi
2025-11-29 02:21:51.337,0m,8Mi
2025-11-29 02:21:51.997,0m,8Mi
2025-11-29 02:21:52.654,0m,8Mi
2025-11-29 02:21:53.311,0m,8Mi
2025-11-29 02:21:53.966,0m,8Mi
2025-11-29 02:21:54.619,0m,8Mi
2025-11-29 02:21:55.280,0m,8Mi
2025-11-29 02:21:55.930,0m,8Mi
2025-11-29 02:21:56.594,0m,8Mi
2025-11-29 02:21:57.252,0m,8Mi
2025-11-29 02:21:57.906,0m,8Mi
2025-11-29 02:21:58.562,0m,8Mi
2025-11-29 02:21:59.216,0m,8Mi
2025-11-29 02:21:59.875,0m,8Mi
2025-11-29 02:22:00.527,0m,8Mi
2025-11-29 02:22:01.183,0m,8Mi
2025-11-29 02:22:01.838,0m,8Mi
2025-11-29 02:22:02.489,0m,8Mi
2025-11-29 02:22:03.147,0m,8Mi
2025-11-29 02:22:03.799,0m,8Mi
2025-11-29 02:22:04.454,0m,8Mi
2025-11-29 02:22:05.109,0m,8Mi
2025-11-29 02:22:05.763,0m,8Mi
2025-11-29 02:22:06.415,0m,8Mi
2025-11-29 02:22:07.067,0m,8Mi
2025-11-29 02:22:07.721,0m,8Mi
2025-11-29 02:22:08.370,0m,8Mi
2025-11-29 02:22:09.026,0m,8Mi
2025-11-29 02:22:09.687,0m,8Mi
2025-11-29 02:22:10.340,0m,8Mi
2025-11-29 02:22:10.993,0m,8Mi
2025-11-29 02:22:11.644,0m,8Mi
2025-11-29 02:22:12.295,0m,8Mi
2025-11-29 02:22:12.949,0m,8Mi
2025-11-29 02:22:13.603,0m,8Mi
2025-11-29 02:22:14.256,0m,8Mi
2025-11-29 02:22:14.905,0m,8Mi
2025-11-29 02:22:15.558,0m,8Mi
2025-11-29 02:22:16.208,0m,8Mi
2025-11-29 02:22:16.859,0m,8Mi
2025-11-29 02:22:17.523,0m,8Mi
2025-11-29 02:22:18.179,0m,8Mi
2025-11-29 02:22:18.838,0m,8Mi
2025-11-29 02:22:19.495,0m,8Mi
2025-11-29 02:22:20.145,0m,8Mi
2025-11-29 02:22:20.803,0m,8Mi
2025-11-29 02:22:21.462,0m,8Mi
2025-11-29 02:22:22.129,0m,8Mi
2025-11-29 02:22:22.789,0m,8Mi
2025-11-29 02:22:23.446,0m,8Mi
2025-11-29 02:22:24.102,0m,8Mi
2025-11-29 02:22:24.760,0m,8Mi
2025-11-29 02:22:25.419,0m,8Mi
2025-11-29 02:22:26.070,0m,8Mi
2025-11-29 02:22:26.738,0m,8Mi
2025-11-29 02:22:27.399,0m,8Mi
2025-11-29 02:22:28.058,0m,8Mi
2025-11-29 02:22:28.715,0m,8Mi
2025-11-29 02:22:29.375,0m,8Mi
2025-11-29 02:22:30.033,0m,8Mi
2025-11-29 02:22:30.683,0m,8Mi
2025-11-29 02:22:31.335,0m,8Mi
2025-11-29 02:22:31.990,0m,8Mi
2025-11-29 02:22:32.645,0m,8Mi
2025-11-29 02:22:33.305,0m,8Mi
2025-11-29 02:22:33.963,0m,8Mi
2025-11-29 02:22:34.624,0m,8Mi
2025-11-29 02:22:35.284,0m,8Mi
2025-11-29 02:22:35.940,0m,8Mi
2025-11-29 02:22:36.598,0m,8Mi
2025-11-29 02:22:37.253,0m,8Mi
2025-11-29 02:22:37.909,0m,8Mi
2025-11-29 02:22:38.560,0m,8Mi
2025-11-29 02:22:39.213,0m,8Mi
2025-11-29 02:22:39.865,0m,8Mi
2025-11-29 02:22:40.516,0m,8Mi
2025-11-29 02:22:41.176,0m,8Mi
2025-11-29 02:22:41.838,0m,8Mi
2025-11-29 02:22:42.485,0m,8Mi
2025-11-29 02:22:43.137,0m,8Mi
2025-11-29 02:22:43.790,0m,8Mi
2025-11-29 02:22:44.444,0m,8Mi
2025-11-29 02:22:45.105,0m,8Mi
2025-11-29 02:22:45.756,0m,8Mi
2025-11-29 02:22:46.413,0m,8Mi
2025-11-29 02:22:47.068,0m,8Mi
2025-11-29 02:22:47.732,0m,8Mi
2025-11-29 02:22:48.387,0m,8Mi
2025-11-29 02:22:49.048,0m,8Mi
2025-11-29 02:22:49.707,0m,8Mi
2025-11-29 02:22:50.359,0m,8Mi
2025-11-29 02:22:51.027,0m,8Mi
2025-11-29 02:22:51.680,0m,8Mi
2025-11-29 02:22:52.336,0m,8Mi
2025-11-29 02:22:52.993,0m,8Mi
2025-11-29 02:22:53.653,0m,8Mi
2025-11-29 02:22:54.306,0m,8Mi
2025-11-29 02:22:54.959,0m,8Mi
2025-11-29 02:22:55.615,0m,8Mi
2025-11-29 02:22:56.275,0m,8Mi
2025-11-29 02:22:56.936,0m,8Mi
2025-11-29 02:22:57.586,0m,8Mi
2025-11-29 02:22:58.251,0m,8Mi
2025-11-29 02:22:58.908,0m,8Mi
2025-11-29 02:22:59.561,0m,8Mi
2025-11-29 02:23:00.220,0m,8Mi
2025-11-29 02:23:00.879,0m,8Mi
2025-11-29 02:23:01.536,0m,8Mi
2025-11-29 02:23:02.201,0m,8Mi
2025-11-29 02:23:02.855,0m,8Mi
2025-11-29 02:23:03.514,0m,8Mi
2025-11-29 02:23:04.167,0m,8Mi
2025-11-29 02:23:04.820,0m,8Mi
2025-11-29 02:23:05.473,0m,8Mi
2025-11-29 02:23:06.130,0m,8Mi
2025-11-29 02:23:06.784,0m,8Mi
2025-11-29 02:23:07.433,0m,8Mi
2025-11-29 02:23:08.086,0m,8Mi
2025-11-29 02:23:08.745,0m,8Mi
2025-11-29 02:23:09.396,0m,8Mi
2025-11-29 02:23:10.048,0m,8Mi
2025-11-29 02:23:10.706,0m,8Mi
2025-11-29 02:23:11.355,0m,8Mi
2025-11-29 02:23:12.012,0m,8Mi
2025-11-29 02:23:12.676,0m,8Mi
2025-11-29 02:23:13.335,0m,8Mi
2025-11-29 02:23:13.987,0m,8Mi
2025-11-29 02:23:14.644,0m,8Mi
2025-11-29 02:23:15.297,0m,8Mi
2025-11-29 02:23:15.967,0m,8Mi
2025-11-29 02:23:16.634,0m,8Mi
2025-11-29 02:23:17.289,0m,8Mi
2025-11-29 02:23:17.949,0m,8Mi
2025-11-29 02:23:18.601,0m,8Mi
2025-11-29 02:23:19.256,0m,8Mi
2025-11-29 02:23:19.913,0m,8Mi
2025-11-29 02:23:20.571,0m,8Mi
2025-11-29 02:23:21.226,0m,8Mi
2025-11-29 02:23:21.878,0m,8Mi
2025-11-29 02:23:22.540,0m,8Mi
2025-11-29 02:23:23.196,0m,8Mi
2025-11-29 02:23:23.849,0m,8Mi
2025-11-29 02:23:24.505,0m,8Mi
2025-11-29 02:23:25.164,0m,8Mi
2025-11-29 02:23:25.814,0m,8Mi
2025-11-29 02:23:26.469,0m,8Mi
2025-11-29 02:23:27.127,0m,8Mi
2025-11-29 02:23:27.780,0m,8Mi
2025-11-29 02:23:28.432,0m,8Mi
2025-11-29 02:23:29.081,0m,8Mi
2025-11-29 02:23:29.734,0m,8Mi
2025-11-29 02:23:30.394,0m,8Mi
2025-11-29 02:23:31.050,0m,8Mi
2025-11-29 02:23:31.710,0m,8Mi
2025-11-29 02:23:32.362,0m,8Mi
2025-11-29 02:23:33.019,0m,8Mi
2025-11-29 02:23:33.682,0m,8Mi
2025-11-29 02:23:34.328,0m,8Mi
2025-11-29 02:23:34.984,0m,8Mi
2025-11-29 02:23:35.650,0m,8Mi
2025-11-29 02:23:36.298,0m,8Mi
2025-11-29 02:23:36.952,0m,8Mi
2025-11-29 02:23:37.608,0m,8Mi
2025-11-29 02:23:38.266,0m,8Mi
2025-11-29 02:23:38.917,0m,8Mi
2025-11-29 02:23:39.576,0m,8Mi
2025-11-29 02:23:40.229,0m,8Mi
2025-11-29 02:23:40.882,0m,8Mi
2025-11-29 02:23:41.539,0m,8Mi
2025-11-29 02:23:42.195,0m,8Mi
2025-11-29 02:23:42.854,0m,8Mi
2025-11-29 02:23:43.515,0m,8Mi
2025-11-29 02:23:44.179,0m,8Mi
2025-11-29 02:23:44.838,0m,8Mi
2025-11-29 02:23:45.498,0m,8Mi
2025-11-29 02:23:46.152,0m,8Mi
2025-11-29 02:23:46.810,0m,8Mi
2025-11-29 02:23:47.476,0m,8Mi
2025-11-29 02:23:48.128,0m,8Mi
2025-11-29 02:23:48.780,0m,8Mi
2025-11-29 02:23:49.435,0m,8Mi
2025-11-29 02:23:50.087,0m,8Mi
2025-11-29 02:23:50.741,0m,8Mi
2025-11-29 02:23:51.413,0m,8Mi
2025-11-29 02:23:52.068,0m,8Mi
2025-11-29 02:23:52.728,0m,8Mi
2025-11-29 02:23:53.383,0m,8Mi
2025-11-29 02:23:54.035,0m,8Mi
2025-11-29 02:23:54.698,0m,8Mi
2025-11-29 02:23:55.360,0m,8Mi
2025-11-29 02:23:56.017,0m,8Mi
2025-11-29 02:23:56.685,0m,8Mi
2025-11-29 02:23:57.334,0m,8Mi
2025-11-29 02:23:57.992,0m,8Mi
2025-11-29 02:23:58.641,0m,8Mi
2025-11-29 02:23:59.293,0m,8Mi
2025-11-29 02:23:59.951,0m,8Mi
2025-11-29 02:24:00.611,0m,8Mi
2025-11-29 02:24:01.267,0m,8Mi
2025-11-29 02:24:01.919,0m,8Mi
2025-11-29 02:24:02.570,0m,8Mi
2025-11-29 02:24:03.223,0m,8Mi
2025-11-29 02:24:03.881,0m,8Mi
2025-11-29 02:24:04.534,0m,8Mi
2025-11-29 02:24:05.184,0m,8Mi
2025-11-29 02:24:05.848,0m,8Mi
2025-11-29 02:24:06.503,0m,8Mi
2025-11-29 02:24:07.160,0m,8Mi
2025-11-29 02:24:07.811,0m,8Mi
2025-11-29 02:24:08.467,0m,8Mi
2025-11-29 02:24:09.122,0m,8Mi
2025-11-29 02:24:09.779,0m,8Mi
2025-11-29 02:24:10.432,0m,8Mi
2025-11-29 02:24:11.088,0m,8Mi
2025-11-29 02:24:11.748,0m,8Mi
2025-11-29 02:24:12.406,0m,8Mi
2025-11-29 02:24:13.063,0m,8Mi
2025-11-29 02:24:13.721,0m,8Mi
2025-11-29 02:24:14.374,0m,8Mi
2025-11-29 02:24:15.033,0m,8Mi
2025-11-29 02:24:15.687,0m,8Mi
2025-11-29 02:24:16.338,0m,8Mi
2025-11-29 02:24:16.992,0m,8Mi
2025-11-29 02:24:17.645,0m,8Mi
2025-11-29 02:24:18.297,0m,8Mi
2025-11-29 02:24:18.950,0m,8Mi
2025-11-29 02:24:19.608,0m,8Mi
2025-11-29 02:24:20.264,0m,8Mi
2025-11-29 02:24:20.920,0m,8Mi
2025-11-29 02:24:21.572,0m,8Mi
2025-11-29 02:24:22.236,0m,8Mi
2025-11-29 02:24:22.890,0m,8Mi
2025-11-29 02:24:23.543,0m,8Mi
2025-11-29 02:24:24.197,0m,8Mi
2025-11-29 02:24:24.856,0m,8Mi
2025-11-29 02:24:25.522,0m,8Mi
2025-11-29 02:24:26.176,0m,8Mi
2025-11-29 02:24:26.834,0m,8Mi
2025-11-29 02:24:27.494,0m,8Mi
2025-11-29 02:24:28.151,0m,8Mi
2025-11-29 02:24:28.804,0m,8Mi
2025-11-29 02:24:29.457,0m,8Mi
2025-11-29 02:24:30.109,0m,8Mi
2025-11-29 02:24:30.764,0m,8Mi
2025-11-29 02:24:31.415,0m,8Mi
2025-11-29 02:24:32.074,0m,8Mi
2025-11-29 02:24:32.728,0m,8Mi
2025-11-29 02:24:33.385,0m,8Mi
2025-11-29 02:24:34.043,0m,8Mi
2025-11-29 02:24:34.703,0m,8Mi
2025-11-29 02:24:35.356,0m,8Mi
2025-11-29 02:24:36.014,0m,8Mi
2025-11-29 02:24:36.674,0m,8Mi
2025-11-29 02:24:37.331,0m,8Mi
2025-11-29 02:24:37.985,0m,8Mi
2025-11-29 02:24:38.643,0m,8Mi
2025-11-29 02:24:39.299,0m,8Mi
2025-11-29 02:24:39.959,0m,8Mi
2025-11-29 02:24:40.613,0m,8Mi
2025-11-29 02:24:41.272,0m,8Mi
2025-11-29 02:24:41.920,0m,8Mi
2025-11-29 02:24:42.584,0m,8Mi
2025-11-29 02:24:43.240,0m,8Mi
2025-11-29 02:24:43.897,0m,8Mi
2025-11-29 02:24:44.549,0m,8Mi
2025-11-29 02:24:45.204,0m,8Mi
2025-11-29 02:24:45.856,0m,8Mi
2025-11-29 02:24:46.515,0m,8Mi
2025-11-29 02:24:47.179,0m,8Mi
2025-11-29 02:24:47.836,0m,8Mi
2025-11-29 02:24:48.492,0m,8Mi
2025-11-29 02:24:49.147,0m,8Mi
2025-11-29 02:24:49.803,0m,8Mi
2025-11-29 02:24:50.464,0m,8Mi
2025-11-29 02:24:51.136,0m,8Mi
2025-11-29 02:24:51.798,0m,8Mi
2025-11-29 02:24:52.452,0m,8Mi
2025-11-29 02:24:53.108,0m,8Mi
2025-11-29 02:24:53.766,0m,8Mi
2025-11-29 02:24:54.418,0m,8Mi
2025-11-29 02:24:55.070,0m,8Mi
2025-11-29 02:24:55.726,0m,8Mi
2025-11-29 02:24:56.378,0m,8Mi
2025-11-29 02:24:57.028,0m,8Mi
2025-11-29 02:24:57.689,0m,8Mi
2025-11-29 02:24:58.341,0m,8Mi
2025-11-29 02:24:58.996,0m,8Mi
2025-11-29 02:24:59.653,0m,8Mi
2025-11-29 02:25:00.308,0m,8Mi
2025-11-29 02:25:00.967,0m,8Mi
2025-11-29 02:25:01.623,0m,8Mi
2025-11-29 02:25:02.278,0m,8Mi
2025-11-29 02:25:02.932,0m,8Mi
2025-11-29 02:25:03.586,0m,8Mi
2025-11-29 02:25:04.247,0m,8Mi
2025-11-29 02:25:04.904,0m,8Mi
2025-11-29 02:25:05.558,0m,8Mi
2025-11-29 02:25:06.214,0m,8Mi
2025-11-29 02:25:06.877,0m,8Mi
2025-11-29 02:25:07.541,0m,8Mi
2025-11-29 02:25:08.189,0m,8Mi
2025-11-29 02:25:08.842,0m,8Mi
2025-11-29 02:25:09.500,0m,8Mi
2025-11-29 02:25:10.158,0m,8Mi
2025-11-29 02:25:10.822,0m,8Mi
2025-11-29 02:25:11.473,0m,8Mi
2025-11-29 02:25:12.130,0m,8Mi
2025-11-29 02:25:12.789,0m,8Mi
2025-11-29 02:25:13.444,0m,8Mi
2025-11-29 02:25:14.099,0m,8Mi
2025-11-29 02:25:14.756,0m,8Mi
2025-11-29 02:25:15.417,0m,8Mi
2025-11-29 02:25:16.076,0m,8Mi
2025-11-29 02:25:16.741,0m,8Mi
2025-11-29 02:25:17.388,0m,8Mi
2025-11-29 02:25:18.046,0m,8Mi
2025-11-29 02:25:18.700,0m,8Mi
2025-11-29 02:25:19.354,0m,8Mi
2025-11-29 02:25:20.012,0m,8Mi
2025-11-29 02:25:20.676,0m,8Mi
2025-11-29 02:25:21.329,0m,8Mi
2025-11-29 02:25:21.981,0m,8Mi
2025-11-29 02:25:22.631,0m,8Mi
2025-11-29 02:25:23.289,0m,8Mi
2025-11-29 02:25:23.948,0m,8Mi
2025-11-29 02:25:24.598,0m,8Mi
2025-11-29 02:25:25.253,0m,8Mi
2025-11-29 02:25:25.905,0m,8Mi
2025-11-29 02:25:26.568,0m,8Mi
2025-11-29 02:25:27.224,0m,8Mi
2025-11-29 02:25:27.879,0m,8Mi
2025-11-29 02:25:28.540,0m,8Mi
2025-11-29 02:25:29.201,0m,8Mi
2025-11-29 02:25:29.856,0m,8Mi
2025-11-29 02:25:30.510,0m,8Mi
2025-11-29 02:25:31.166,0m,8Mi
2025-11-29 02:25:31.824,0m,8Mi
2025-11-29 02:25:32.482,0m,8Mi
2025-11-29 02:25:33.136,0m,8Mi
2025-11-29 02:25:33.794,0m,8Mi
2025-11-29 02:25:34.453,0m,8Mi
2025-11-29 02:25:35.105,0m,8Mi
2025-11-29 02:25:35.762,0m,8Mi
2025-11-29 02:25:36.412,0m,8Mi
2025-11-29 02:25:37.069,0m,8Mi
2025-11-29 02:25:37.727,0m,8Mi
2025-11-29 02:25:38.378,0m,8Mi
2025-11-29 02:25:39.032,0m,8Mi
2025-11-29 02:25:39.691,0m,8Mi
2025-11-29 02:25:40.342,0m,8Mi
2025-11-29 02:25:40.996,0m,8Mi
2025-11-29 02:25:41.646,0m,8Mi
2025-11-29 02:25:42.303,0m,8Mi
2025-11-29 02:25:42.960,0m,8Mi
2025-11-29 02:25:43.617,0m,8Mi
2025-11-29 02:25:44.267,0m,8Mi
2025-11-29 02:25:44.921,0m,8Mi
2025-11-29 02:25:45.582,0m,8Mi
2025-11-29 02:25:46.236,0m,8Mi
2025-11-29 02:25:46.889,0m,8Mi
2025-11-29 02:25:47.547,0m,8Mi
2025-11-29 02:25:48.209,0m,8Mi
2025-11-29 02:25:48.860,0m,8Mi
2025-11-29 02:25:49.521,0m,8Mi
2025-11-29 02:25:50.176,0m,8Mi
2025-11-29 02:25:50.830,0m,8Mi
2025-11-29 02:25:51.481,0m,8Mi
2025-11-29 02:25:52.138,0m,8Mi
2025-11-29 02:25:52.788,0m,8Mi
2025-11-29 02:25:53.446,0m,8Mi
2025-11-29 02:25:54.099,0m,8Mi
2025-11-29 02:25:54.753,0m,8Mi
2025-11-29 02:25:55.407,0m,8Mi
2025-11-29 02:25:56.066,0m,8Mi
2025-11-29 02:25:56.730,0m,8Mi
2025-11-29 02:25:57.394,0m,8Mi
2025-11-29 02:25:58.048,0m,8Mi
2025-11-29 02:25:58.701,0m,8Mi
2025-11-29 02:25:59.352,0m,8Mi
2025-11-29 02:26:00.012,0m,8Mi
2025-11-29 02:26:00.665,0m,8Mi
2025-11-29 02:26:01.319,0m,8Mi
2025-11-29 02:26:01.974,0m,8Mi
2025-11-29 02:26:02.632,0m,8Mi
2025-11-29 02:26:03.287,0m,8Mi
2025-11-29 02:26:03.944,0m,8Mi
2025-11-29 02:26:04.596,0m,8Mi
2025-11-29 02:26:05.248,0m,8Mi
2025-11-29 02:26:05.906,0m,8Mi
2025-11-29 02:26:06.570,0m,8Mi
2025-11-29 02:26:07.221,0m,8Mi
2025-11-29 02:26:07.872,0m,8Mi
2025-11-29 02:26:08.528,0m,8Mi
2025-11-29 02:26:09.182,0m,8Mi
2025-11-29 02:26:09.836,0m,8Mi
2025-11-29 02:26:10.494,0m,8Mi
2025-11-29 02:26:11.152,0m,8Mi
2025-11-29 02:26:11.802,0m,8Mi
2025-11-29 02:26:12.464,0m,8Mi
2025-11-29 02:26:13.129,0m,8Mi
2025-11-29 02:26:13.784,0m,8Mi
2025-11-29 02:26:14.440,0m,8Mi
2025-11-29 02:26:15.090,0m,8Mi
2025-11-29 02:26:15.754,0m,8Mi
2025-11-29 02:26:16.409,0m,8Mi
2025-11-29 02:26:17.062,0m,8Mi
2025-11-29 02:26:17.713,0m,8Mi
2025-11-29 02:26:18.363,0m,8Mi
2025-11-29 02:26:19.021,0m,8Mi
2025-11-29 02:26:19.670,0m,8Mi
2025-11-29 02:26:20.319,0m,8Mi
2025-11-29 02:26:20.987,0m,8Mi
2025-11-29 02:26:21.642,0m,8Mi
2025-11-29 02:26:22.291,0m,8Mi
2025-11-29 02:26:22.950,0m,8Mi
2025-11-29 02:26:23.611,0m,8Mi
2025-11-29 02:26:24.261,0m,8Mi
2025-11-29 02:26:24.913,0m,8Mi
2025-11-29 02:26:25.562,0m,8Mi
2025-11-29 02:26:26.222,0m,8Mi
2025-11-29 02:26:26.879,0m,8Mi
2025-11-29 02:26:27.530,0m,8Mi
2025-11-29 02:26:28.193,0m,8Mi
2025-11-29 02:26:28.844,0m,8Mi
2025-11-29 02:26:29.500,0m,8Mi
2025-11-29 02:26:30.155,0m,8Mi
2025-11-29 02:26:30.807,0m,8Mi
2025-11-29 02:26:31.463,0m,8Mi
2025-11-29 02:26:32.122,0m,8Mi
2025-11-29 02:26:32.773,0m,8Mi
2025-11-29 02:26:33.432,0m,8Mi
2025-11-29 02:26:34.092,0m,8Mi
2025-11-29 02:26:34.749,0m,8Mi
2025-11-29 02:26:35.401,0m,8Mi
2025-11-29 02:26:36.059,0m,8Mi
2025-11-29 02:26:36.725,0m,8Mi
2025-11-29 02:26:37.386,0m,8Mi
2025-11-29 02:26:38.038,0m,8Mi
2025-11-29 02:26:38.691,0m,8Mi
2025-11-29 02:26:39.344,0m,8Mi
2025-11-29 02:26:40.008,0m,8Mi
2025-11-29 02:26:40.671,0m,8Mi
2025-11-29 02:26:41.327,0m,8Mi
2025-11-29 02:26:41.985,0m,8Mi
2025-11-29 02:26:42.641,0m,8Mi
2025-11-29 02:26:43.293,0m,8Mi
2025-11-29 02:26:43.946,0m,8Mi
2025-11-29 02:26:44.598,0m,8Mi
2025-11-29 02:26:45.252,0m,8Mi
2025-11-29 02:26:45.908,0m,8Mi
2025-11-29 02:26:46.565,0m,8Mi
2025-11-29 02:26:47.224,0m,8Mi
2025-11-29 02:26:47.875,0m,8Mi
2025-11-29 02:26:48.531,0m,8Mi
2025-11-29 02:26:49.185,0m,8Mi
2025-11-29 02:26:49.845,0m,8Mi
2025-11-29 02:26:50.497,0m,8Mi
2025-11-29 02:26:51.166,0m,8Mi
2025-11-29 02:26:51.820,0m,8Mi
2025-11-29 02:26:52.478,0m,8Mi
2025-11-29 02:26:53.131,0m,8Mi
2025-11-29 02:26:53.783,0m,8Mi
2025-11-29 02:26:54.439,0m,8Mi
2025-11-29 02:26:55.094,0m,8Mi
2025-11-29 02:26:55.755,0m,8Mi
2025-11-29 02:26:56.418,0m,8Mi
2025-11-29 02:26:57.074,0m,8Mi
2025-11-29 02:26:57.721,0m,8Mi
2025-11-29 02:26:58.373,0m,8Mi
2025-11-29 02:26:59.027,0m,8Mi
2025-11-29 02:26:59.686,0m,8Mi
2025-11-29 02:27:00.347,0m,8Mi
2025-11-29 02:27:01.000,0m,8Mi
2025-11-29 02:27:01.656,0m,8Mi
2025-11-29 02:27:02.311,0m,8Mi
2025-11-29 02:27:02.968,0m,8Mi
2025-11-29 02:27:03.625,0m,8Mi
2025-11-29 02:27:04.278,0m,8Mi
2025-11-29 02:27:04.928,0m,8Mi
2025-11-29 02:27:05.589,0m,8Mi
2025-11-29 02:27:06.245,0m,8Mi
2025-11-29 02:27:06.906,0m,8Mi
2025-11-29 02:27:07.561,0m,8Mi
2025-11-29 02:27:08.221,0m,8Mi
2025-11-29 02:27:08.880,0m,8Mi
2025-11-29 02:27:09.533,0m,8Mi
2025-11-29 02:27:10.190,0m,8Mi
2025-11-29 02:27:10.851,0m,8Mi
2025-11-29 02:27:11.512,0m,8Mi
2025-11-29 02:27:12.161,0m,8Mi
2025-11-29 02:27:12.818,0m,8Mi
2025-11-29 02:27:13.471,0m,8Mi
2025-11-29 02:27:14.127,0m,8Mi
2025-11-29 02:27:14.790,0m,8Mi
2025-11-29 02:27:15.449,0m,8Mi
2025-11-29 02:27:16.104,0m,8Mi
2025-11-29 02:27:16.770,0m,8Mi
2025-11-29 02:27:17.431,0m,8Mi
2025-11-29 02:27:18.088,0m,8Mi
2025-11-29 02:27:18.741,0m,8Mi
2025-11-29 02:27:19.396,0m,8Mi
2025-11-29 02:27:20.048,0m,8Mi
2025-11-29 02:27:20.704,0m,8Mi
2025-11-29 02:27:21.361,0m,8Mi
2025-11-29 02:27:22.019,0m,8Mi
2025-11-29 02:27:22.679,0m,8Mi
2025-11-29 02:27:23.328,0m,8Mi
2025-11-29 02:27:23.993,0m,8Mi
2025-11-29 02:27:24.647,0m,8Mi
2025-11-29 02:27:25.300,0m,8Mi
2025-11-29 02:27:25.953,0m,8Mi
2025-11-29 02:27:26.622,0m,8Mi
2025-11-29 02:27:27.274,0m,8Mi
2025-11-29 02:27:27.920,0m,8Mi
2025-11-29 02:27:28.579,0m,8Mi
2025-11-29 02:27:29.230,0m,8Mi
2025-11-29 02:27:29.880,0m,8Mi
2025-11-29 02:27:30.540,0m,8Mi
2025-11-29 02:27:31.194,0m,8Mi
2025-11-29 02:27:31.851,0m,8Mi
2025-11-29 02:27:32.509,0m,8Mi
2025-11-29 02:27:33.166,0m,8Mi
2025-11-29 02:27:33.819,0m,8Mi
2025-11-29 02:27:34.479,0m,8Mi
2025-11-29 02:27:35.130,0m,8Mi
2025-11-29 02:27:35.786,0m,8Mi
2025-11-29 02:27:36.438,0m,8Mi
2025-11-29 02:27:37.097,0m,8Mi
2025-11-29 02:27:37.750,0m,8Mi
2025-11-29 02:27:38.405,0m,8Mi
2025-11-29 02:27:39.065,0m,8Mi
2025-11-29 02:27:39.717,0m,8Mi
2025-11-29 02:27:40.370,0m,8Mi
2025-11-29 02:27:41.029,0m,8Mi
2025-11-29 02:27:41.690,0m,8Mi
2025-11-29 02:27:42.344,0m,8Mi
2025-11-29 02:27:43.006,0m,8Mi
2025-11-29 02:27:43.662,0m,8Mi
2025-11-29 02:27:44.314,0m,8Mi
2025-11-29 02:27:44.968,0m,8Mi
2025-11-29 02:27:45.626,0m,8Mi
2025-11-29 02:27:46.278,0m,8Mi
2025-11-29 02:27:46.928,0m,8Mi
2025-11-29 02:27:47.587,0m,8Mi
2025-11-29 02:27:48.243,0m,8Mi
2025-11-29 02:27:48.903,0m,8Mi
2025-11-29 02:27:49.561,0m,8Mi
2025-11-29 02:27:50.223,0m,8Mi
2025-11-29 02:27:50.880,0m,8Mi
2025-11-29 02:27:51.538,0m,8Mi
2025-11-29 02:27:52.190,0m,8Mi
2025-11-29 02:27:52.842,0m,8Mi
2025-11-29 02:27:53.502,0m,8Mi
2025-11-29 02:27:54.165,0m,8Mi
2025-11-29 02:27:54.820,0m,8Mi
2025-11-29 02:27:55.476,0m,8Mi
2025-11-29 02:27:56.137,0m,8Mi
2025-11-29 02:27:56.799,0m,8Mi
2025-11-29 02:27:57.451,0m,8Mi
2025-11-29 02:27:58.117,0m,8Mi
2025-11-29 02:27:58.774,0m,8Mi
2025-11-29 02:27:59.434,0m,8Mi
2025-11-29 02:28:00.095,0m,8Mi
2025-11-29 02:28:00.751,0m,8Mi
2025-11-29 02:28:01.407,0m,8Mi
2025-11-29 02:28:02.061,0m,8Mi
2025-11-29 02:28:02.723,0m,8Mi
2025-11-29 02:28:03.373,0m,8Mi
2025-11-29 02:28:04.025,0m,8Mi
2025-11-29 02:28:04.683,0m,8Mi
2025-11-29 02:28:05.338,0m,8Mi
2025-11-29 02:28:05.990,0m,8Mi
2025-11-29 02:28:06.656,0m,8Mi
2025-11-29 02:28:07.313,0m,8Mi
2025-11-29 02:28:07.966,0m,8Mi
2025-11-29 02:28:08.628,0m,8Mi
2025-11-29 02:28:09.288,0m,8Mi
2025-11-29 02:28:09.937,0m,8Mi
2025-11-29 02:28:10.594,0m,8Mi
2025-11-29 02:28:11.254,0m,8Mi
2025-11-29 02:28:11.911,0m,8Mi
2025-11-29 02:28:12.565,0m,8Mi
2025-11-29 02:28:13.223,0m,8Mi
2025-11-29 02:28:13.883,0m,8Mi
2025-11-29 02:28:14.542,0m,8Mi
2025-11-29 02:28:15.193,0m,8Mi
2025-11-29 02:28:15.845,0m,8Mi
2025-11-29 02:28:16.504,0m,8Mi
2025-11-29 02:28:17.294,0m,8Mi
2025-11-29 02:28:17.952,0m,8Mi
2025-11-29 02:28:18.613,0m,8Mi
2025-11-29 02:28:19.267,0m,8Mi
2025-11-29 02:28:19.928,0m,8Mi
2025-11-29 02:28:20.588,0m,8Mi
2025-11-29 02:28:21.248,0m,8Mi
2025-11-29 02:28:21.901,0m,8Mi
2025-11-29 02:28:22.561,0m,8Mi
2025-11-29 02:28:23.212,0m,8Mi
2025-11-29 02:28:23.865,0m,8Mi
2025-11-29 02:28:24.515,0m,8Mi
2025-11-29 02:28:25.174,0m,8Mi
2025-11-29 02:28:25.824,0m,8Mi
2025-11-29 02:28:26.483,0m,8Mi
2025-11-29 02:28:27.145,0m,8Mi
2025-11-29 02:28:27.806,0m,8Mi
2025-11-29 02:28:28.471,0m,8Mi
2025-11-29 02:28:29.125,0m,8Mi
2025-11-29 02:28:29.784,0m,8Mi
2025-11-29 02:28:30.439,0m,8Mi
2025-11-29 02:28:31.093,0m,8Mi
2025-11-29 02:28:31.748,0m,8Mi
2025-11-29 02:28:32.400,0m,8Mi
2025-11-29 02:28:33.055,0m,8Mi
2025-11-29 02:28:33.710,0m,8Mi
2025-11-29 02:28:34.367,0m,8Mi
2025-11-29 02:28:35.023,0m,8Mi
2025-11-29 02:28:35.687,0m,8Mi
2025-11-29 02:28:36.342,0m,8Mi
2025-11-29 02:28:36.992,0m,8Mi
2025-11-29 02:28:37.644,0m,8Mi
2025-11-29 02:28:38.297,0m,8Mi
2025-11-29 02:28:38.955,0m,8Mi
2025-11-29 02:28:39.608,0m,8Mi
2025-11-29 02:28:40.262,0m,8Mi
2025-11-29 02:28:40.922,0m,8Mi
2025-11-29 02:28:41.575,0m,8Mi
2025-11-29 02:28:42.239,0m,8Mi
2025-11-29 02:28:42.891,0m,8Mi
2025-11-29 02:28:43.544,0m,8Mi
2025-11-29 02:28:44.197,0m,8Mi
2025-11-29 02:28:44.855,0m,8Mi
2025-11-29 02:28:45.515,0m,8Mi
2025-11-29 02:28:46.175,0m,8Mi
2025-11-29 02:28:46.826,0m,8Mi
2025-11-29 02:28:47.478,0m,8Mi
2025-11-29 02:28:48.137,0m,8Mi
2025-11-29 02:28:48.789,0m,8Mi
2025-11-29 02:28:49.446,0m,8Mi
2025-11-29 02:28:50.105,0m,8Mi
2025-11-29 02:28:50.765,0m,8Mi
2025-11-29 02:28:51.421,0m,8Mi
2025-11-29 02:28:52.087,0m,8Mi
2025-11-29 02:28:52.751,0m,8Mi
2025-11-29 02:28:53.407,0m,8Mi
2025-11-29 02:28:54.056,0m,8Mi
2025-11-29 02:28:54.703,0m,8Mi
2025-11-29 02:28:55.352,0m,8Mi
2025-11-29 02:28:56.004,0m,8Mi
2025-11-29 02:28:56.664,0m,8Mi
2025-11-29 02:28:57.316,0m,8Mi
2025-11-29 02:28:57.975,0m,8Mi
2025-11-29 02:28:58.630,0m,8Mi
2025-11-29 02:28:59.291,0m,8Mi
2025-11-29 02:28:59.946,0m,8Mi
2025-11-29 02:29:00.604,0m,8Mi
2025-11-29 02:29:01.264,0m,8Mi
2025-11-29 02:29:01.916,0m,8Mi
2025-11-29 02:29:02.572,0m,8Mi
2025-11-29 02:29:03.226,0m,8Mi
2025-11-29 02:29:03.883,0m,8Mi
2025-11-29 02:29:04.544,0m,8Mi
2025-11-29 02:29:05.195,0m,8Mi
2025-11-29 02:29:05.856,0m,8Mi
2025-11-29 02:29:06.521,0m,8Mi
2025-11-29 02:29:07.174,0m,8Mi
2025-11-29 02:29:07.833,0m,8Mi
2025-11-29 02:29:08.486,0m,8Mi
2025-11-29 02:29:09.141,0m,8Mi
2025-11-29 02:29:09.795,0m,8Mi
2025-11-29 02:29:10.450,0m,8Mi
2025-11-29 02:29:11.107,0m,8Mi
2025-11-29 02:29:11.769,0m,8Mi
2025-11-29 02:29:12.423,0m,8Mi
2025-11-29 02:29:13.086,0m,8Mi
2025-11-29 02:29:13.740,0m,8Mi
2025-11-29 02:29:14.393,0m,8Mi
2025-11-29 02:29:15.051,0m,8Mi
2025-11-29 02:29:15.701,0m,8Mi
2025-11-29 02:29:16.356,0m,8Mi
2025-11-29 02:29:17.018,0m,8Mi
2025-11-29 02:29:17.680,0m,8Mi
2025-11-29 02:29:18.338,0m,8Mi
2025-11-29 02:29:18.991,0m,8Mi
2025-11-29 02:29:19.641,0m,8Mi
2025-11-29 02:29:20.295,0m,8Mi
2025-11-29 02:29:20.953,0m,8Mi
2025-11-29 02:29:21.604,0m,8Mi
2025-11-29 02:29:22.253,0m,8Mi
2025-11-29 02:29:22.915,0m,8Mi
2025-11-29 02:29:23.565,0m,8Mi
2025-11-29 02:29:24.219,0m,8Mi
2025-11-29 02:29:24.879,0m,8Mi
2025-11-29 02:29:25.539,0m,8Mi
2025-11-29 02:29:26.192,0m,8Mi
2025-11-29 02:29:26.847,0m,8Mi
2025-11-29 02:29:27.504,0m,8Mi
2025-11-29 02:29:28.159,0m,8Mi
2025-11-29 02:29:28.813,0m,8Mi
2025-11-29 02:29:29.473,0m,8Mi
2025-11-29 02:29:30.134,0m,8Mi
2025-11-29 02:29:30.792,0m,8Mi
2025-11-29 02:29:31.451,0m,8Mi
2025-11-29 02:29:32.104,0m,8Mi
2025-11-29 02:29:32.756,0m,8Mi
2025-11-29 02:29:33.419,0m,8Mi
2025-11-29 02:29:34.075,0m,8Mi
2025-11-29 02:29:34.735,0m,8Mi
2025-11-29 02:29:35.389,0m,8Mi
2025-11-29 02:29:36.051,0m,8Mi
2025-11-29 02:29:36.712,0m,8Mi
2025-11-29 02:29:37.365,0m,8Mi
2025-11-29 02:29:38.015,0m,8Mi
2025-11-29 02:29:38.669,0m,8Mi
2025-11-29 02:29:39.329,0m,8Mi
2025-11-29 02:29:39.984,0m,8Mi
2025-11-29 02:29:40.650,0m,8Mi
2025-11-29 02:29:41.312,0m,8Mi
2025-11-29 02:29:41.970,0m,8Mi
2025-11-29 02:29:42.629,0m,8Mi
2025-11-29 02:29:43.286,0m,8Mi
2025-11-29 02:29:43.931,0m,8Mi
2025-11-29 02:29:44.584,0m,8Mi
2025-11-29 02:29:45.237,0m,8Mi
2025-11-29 02:29:45.889,0m,8Mi
2025-11-29 02:29:46.546,0m,8Mi
2025-11-29 02:29:47.197,0m,8Mi
2025-11-29 02:29:47.854,0m,8Mi
2025-11-29 02:29:48.504,0m,8Mi
2025-11-29 02:29:49.163,0m,8Mi
2025-11-29 02:29:49.825,0m,8Mi
2025-11-29 02:29:50.477,0m,8Mi
2025-11-29 02:29:51.131,0m,8Mi
2025-11-29 02:29:51.791,0m,8Mi
2025-11-29 02:29:52.454,0m,8Mi
2025-11-29 02:29:53.110,0m,8Mi
2025-11-29 02:29:53.765,0m,8Mi
2025-11-29 02:29:54.424,0m,8Mi
2025-11-29 02:29:55.081,0m,8Mi
2025-11-29 02:29:55.734,0m,8Mi
2025-11-29 02:29:56.385,0m,8Mi
2025-11-29 02:29:57.046,0m,8Mi
2025-11-29 02:29:57.701,0m,8Mi
2025-11-29 02:29:58.362,0m,8Mi
2025-11-29 02:29:59.017,0m,8Mi
2025-11-29 02:29:59.680,0m,8Mi
2025-11-29 02:30:00.334,0m,8Mi
2025-11-29 02:30:00.986,0m,8Mi
2025-11-29 02:30:01.650,0m,8Mi
2025-11-29 02:30:02.305,0m,8Mi
2025-11-29 02:30:02.960,0m,8Mi
2025-11-29 02:30:03.622,0m,8Mi
2025-11-29 02:30:04.285,0m,8Mi
2025-11-29 02:30:04.948,0m,8Mi
2025-11-29 02:30:05.609,0m,8Mi
2025-11-29 02:30:06.269,0m,8Mi
2025-11-29 02:30:06.921,0m,8Mi
2025-11-29 02:30:07.580,0m,8Mi
2025-11-29 02:30:08.236,0m,8Mi
2025-11-29 02:30:08.890,0m,8Mi
2025-11-29 02:30:09.544,0m,8Mi
2025-11-29 02:30:10.207,0m,8Mi
2025-11-29 02:30:10.856,0m,8Mi
2025-11-29 02:30:11.514,0m,8Mi
2025-11-29 02:30:12.168,0m,8Mi
2025-11-29 02:30:12.826,0m,8Mi
2025-11-29 02:30:13.478,0m,8Mi
2025-11-29 02:30:14.132,0m,8Mi
2025-11-29 02:30:14.782,0m,8Mi
2025-11-29 02:30:15.435,0m,8Mi
2025-11-29 02:30:16.090,0m,8Mi
2025-11-29 02:30:16.751,0m,8Mi
2025-11-29 02:30:17.404,0m,8Mi
2025-11-29 02:30:18.066,0m,8Mi
2025-11-29 02:30:18.717,0m,8Mi
2025-11-29 02:30:19.376,0m,8Mi
2025-11-29 02:30:20.041,0m,8Mi
2025-11-29 02:30:20.697,0m,8Mi
2025-11-29 02:30:21.347,0m,8Mi
2025-11-29 02:30:22.001,0m,8Mi
2025-11-29 02:30:22.664,0m,8Mi
2025-11-29 02:30:23.321,0m,8Mi
2025-11-29 02:30:23.982,0m,8Mi
2025-11-29 02:30:24.642,0m,8Mi
2025-11-29 02:30:25.301,0m,8Mi
2025-11-29 02:30:25.953,0m,8Mi
2025-11-29 02:30:26.614,0m,8Mi
2025-11-29 02:30:27.265,0m,8Mi
2025-11-29 02:30:27.921,0m,8Mi
2025-11-29 02:30:28.576,0m,8Mi
2025-11-29 02:30:29.228,0m,8Mi
2025-11-29 02:30:29.879,0m,8Mi
2025-11-29 02:30:30.534,0m,8Mi
2025-11-29 02:30:31.187,0m,8Mi
2025-11-29 02:30:31.845,0m,8Mi
2025-11-29 02:30:32.495,0m,8Mi
2025-11-29 02:30:33.147,0m,8Mi
2025-11-29 02:30:33.798,0m,8Mi
2025-11-29 02:30:34.455,0m,8Mi
2025-11-29 02:30:35.112,0m,8Mi
2025-11-29 02:30:35.773,0m,8Mi
2025-11-29 02:30:36.427,0m,8Mi
2025-11-29 02:30:37.084,0m,8Mi
2025-11-29 02:30:37.734,0m,8Mi
2025-11-29 02:30:38.391,0m,8Mi
2025-11-29 02:30:39.053,0m,8Mi
2025-11-29 02:30:39.715,0m,8Mi
2025-11-29 02:30:40.372,0m,8Mi
2025-11-29 02:30:41.024,0m,8Mi
2025-11-29 02:30:41.679,0m,8Mi
2025-11-29 02:30:42.330,0m,8Mi
2025-11-29 02:30:42.989,0m,8Mi
2025-11-29 02:30:43.649,0m,8Mi
2025-11-29 02:30:44.300,0m,8Mi
2025-11-29 02:30:44.957,0m,8Mi
2025-11-29 02:30:45.621,0m,8Mi
2025-11-29 02:30:46.275,0m,8Mi
2025-11-29 02:30:46.934,0m,8Mi
2025-11-29 02:30:47.589,0m,8Mi
2025-11-29 02:30:48.246,0m,8Mi
2025-11-29 02:30:48.907,0m,8Mi
2025-11-29 02:30:49.569,0m,8Mi
2025-11-29 02:30:50.225,0m,8Mi
2025-11-29 02:30:50.877,0m,8Mi
2025-11-29 02:30:51.535,0m,8Mi
2025-11-29 02:30:52.194,0m,8Mi
2025-11-29 02:30:52.848,0m,8Mi
2025-11-29 02:30:53.511,0m,8Mi
2025-11-29 02:30:54.163,0m,8Mi
2025-11-29 02:30:54.814,0m,8Mi
2025-11-29 02:30:55.471,0m,8Mi
2025-11-29 02:30:56.124,0m,8Mi
2025-11-29 02:30:56.774,0m,8Mi
2025-11-29 02:30:57.425,0m,8Mi
2025-11-29 02:30:58.086,0m,8Mi
2025-11-29 02:30:58.750,0m,8Mi
2025-11-29 02:30:59.412,0m,8Mi
2025-11-29 02:31:00.070,0m,8Mi
2025-11-29 02:31:00.721,0m,8Mi
2025-11-29 02:31:01.375,0m,8Mi
2025-11-29 02:31:02.026,0m,8Mi
2025-11-29 02:31:02.690,0m,8Mi
2025-11-29 02:31:03.343,0m,8Mi
2025-11-29 02:31:03.996,0m,8Mi
2025-11-29 02:31:04.651,0m,8Mi
2025-11-29 02:31:05.304,0m,8Mi
2025-11-29 02:31:05.953,0m,8Mi
2025-11-29 02:31:06.614,0m,8Mi
2025-11-29 02:31:07.273,0m,8Mi
2025-11-29 02:31:07.933,0m,8Mi
2025-11-29 02:31:08.587,0m,8Mi
2025-11-29 02:31:09.246,0m,8Mi
2025-11-29 02:31:09.910,0m,8Mi
2025-11-29 02:31:10.563,0m,8Mi
2025-11-29 02:31:11.212,0m,8Mi
2025-11-29 02:31:11.866,0m,8Mi
2025-11-29 02:31:12.515,0m,8Mi
2025-11-29 02:31:13.169,0m,8Mi
2025-11-29 02:31:13.823,0m,8Mi
2025-11-29 02:31:14.471,0m,8Mi
2025-11-29 02:31:15.132,0m,8Mi
2025-11-29 02:31:15.786,0m,8Mi
2025-11-29 02:31:16.433,0m,8Mi
2025-11-29 02:31:17.082,0m,8Mi
2025-11-29 02:31:17.737,0m,8Mi
2025-11-29 02:31:18.396,0m,8Mi
2025-11-29 02:31:19.060,0m,8Mi
2025-11-29 02:31:19.713,0m,8Mi
2025-11-29 02:31:20.372,0m,8Mi
2025-11-29 02:31:21.029,0m,8Mi
2025-11-29 02:31:21.679,0m,8Mi
2025-11-29 02:31:22.336,0m,8Mi
2025-11-29 02:31:22.992,0m,8Mi
2025-11-29 02:31:23.644,0m,8Mi
2025-11-29 02:31:24.299,0m,8Mi
2025-11-29 02:31:24.951,0m,8Mi
2025-11-29 02:31:25.602,0m,8Mi
2025-11-29 02:31:26.259,0m,8Mi
2025-11-29 02:31:26.906,0m,8Mi
2025-11-29 02:31:27.567,0m,8Mi
2025-11-29 02:31:28.223,0m,8Mi
2025-11-29 02:31:28.877,0m,8Mi
2025-11-29 02:31:29.532,0m,8Mi
2025-11-29 02:31:30.193,0m,8Mi
2025-11-29 02:31:30.848,0m,8Mi
2025-11-29 02:31:31.499,0m,8Mi
2025-11-29 02:31:32.151,0m,8Mi
2025-11-29 02:31:32.804,0m,8Mi
2025-11-29 02:31:33.462,0m,8Mi
2025-11-29 02:31:34.118,0m,8Mi
2025-11-29 02:31:34.768,0m,8Mi
2025-11-29 02:31:35.427,0m,8Mi
2025-11-29 02:31:36.079,0m,8Mi
2025-11-29 02:31:36.745,0m,8Mi
2025-11-29 02:31:37.407,0m,8Mi
2025-11-29 02:31:38.058,0m,8Mi
2025-11-29 02:31:38.714,0m,8Mi
2025-11-29 02:31:39.372,0m,8Mi
2025-11-29 02:31:40.034,0m,8Mi
2025-11-29 02:31:40.689,0m,8Mi
2025-11-29 02:31:41.353,0m,8Mi
2025-11-29 02:31:42.012,0m,8Mi
2025-11-29 02:31:42.664,0m,8Mi
2025-11-29 02:31:43.321,0m,8Mi
2025-11-29 02:31:43.978,0m,8Mi
2025-11-29 02:31:44.632,0m,8Mi
2025-11-29 02:31:45.293,0m,8Mi
2025-11-29 02:31:45.957,0m,8Mi
2025-11-29 02:31:46.625,0m,8Mi
2025-11-29 02:31:47.282,0m,8Mi
2025-11-29 02:31:47.943,0m,8Mi
2025-11-29 02:31:48.602,0m,8Mi
2025-11-29 02:31:49.259,0m,8Mi
2025-11-29 02:31:49.921,0m,8Mi
2025-11-29 02:31:50.580,0m,8Mi
2025-11-29 02:31:51.235,0m,8Mi
2025-11-29 02:31:51.903,0m,8Mi
2025-11-29 02:31:52.554,0m,8Mi
2025-11-29 02:31:53.207,0m,8Mi
2025-11-29 02:31:53.859,0m,8Mi
2025-11-29 02:31:54.518,0m,8Mi
2025-11-29 02:31:55.180,0m,8Mi
2025-11-29 02:31:55.836,0m,8Mi
2025-11-29 02:31:56.489,0m,8Mi
2025-11-29 02:31:57.145,0m,8Mi
2025-11-29 02:31:57.800,0m,8Mi
2025-11-29 02:31:58.459,0m,8Mi
2025-11-29 02:31:59.114,0m,8Mi
2025-11-29 02:31:59.768,0m,8Mi
2025-11-29 02:32:00.424,0m,8Mi
2025-11-29 02:32:01.079,0m,8Mi
2025-11-29 02:32:01.734,0m,8Mi
2025-11-29 02:32:02.395,0m,8Mi
2025-11-29 02:32:03.056,0m,8Mi
2025-11-29 02:32:03.718,0m,8Mi
2025-11-29 02:32:04.387,0m,8Mi
2025-11-29 02:32:05.048,0m,8Mi
2025-11-29 02:32:05.717,0m,8Mi
2025-11-29 02:32:06.380,0m,8Mi
2025-11-29 02:32:07.039,0m,8Mi
2025-11-29 02:32:07.705,0m,8Mi
2025-11-29 02:32:08.368,0m,8Mi
2025-11-29 02:32:09.029,0m,8Mi
2025-11-29 02:32:09.694,0m,8Mi
2025-11-29 02:32:10.358,0m,8Mi
2025-11-29 02:32:11.021,0m,8Mi
2025-11-29 02:32:11.684,0m,8Mi
2025-11-29 02:32:12.350,17m,2Mi
2025-11-29 02:32:13.011,17m,2Mi
2025-11-29 02:32:13.675,17m,2Mi
2025-11-29 02:32:14.326,17m,2Mi
2025-11-29 02:32:14.991,17m,2Mi
2025-11-29 02:32:15.655,17m,2Mi
2025-11-29 02:32:16.303,17m,2Mi
2025-11-29 02:32:16.957,17m,2Mi
2025-11-29 02:32:17.611,17m,2Mi
2025-11-29 02:32:18.295,NA,NA
2025-11-29 02:32:19.449,NA,NA
2025-11-29 02:32:20.087,NA,NA
2025-11-29 02:32:20.722,NA,NA
2025-11-29 02:32:21.371,NA,NA
2025-11-29 02:32:22.010,NA,NA
2025-11-29 02:32:22.662,NA,NA
2025-11-29 02:32:23.292,NA,NA
2025-11-29 02:32:23.938,NA,NA
2025-11-29 02:32:24.576,NA,NA
2025-11-29 02:32:25.231,NA,NA
2025-11-29 02:32:25.884,NA,NA
2025-11-29 02:32:26.546,NA,NA
2025-11-29 02:32:27.207,NA,NA
2025-11-29 02:32:27.855,NA,NA
2025-11-29 02:32:28.508,NA,NA
2025-11-29 02:32:29.163,NA,NA
2025-11-29 02:32:29.793,NA,NA
2025-11-29 02:32:30.453,NA,NA
2025-11-29 02:32:31.121,NA,NA
2025-11-29 02:32:31.768,NA,NA
2025-11-29 02:32:32.446,NA,NA
2025-11-29 02:32:33.098,NA,NA
2025-11-29 02:32:33.751,NA,NA
2025-11-29 02:32:34.412,NA,NA
2025-11-29 02:32:35.068,NA,NA
2025-11-29 02:32:35.732,NA,NA
2025-11-29 02:32:36.401,NA,NA
2025-11-29 02:32:37.068,NA,NA
2025-11-29 02:32:37.736,NA,NA
2025-11-29 02:32:38.401,NA,NA
2025-11-29 02:32:39.067,NA,NA
2025-11-29 02:32:39.727,NA,NA
2025-11-29 02:32:40.386,NA,NA
2025-11-29 02:32:41.052,NA,NA
2025-11-29 02:32:41.704,NA,NA
2025-11-29 02:32:42.374,NA,NA
2025-11-29 02:32:43.020,NA,NA
2025-11-29 02:32:43.681,NA,NA
2025-11-29 02:32:44.338,NA,NA
2025-11-29 02:32:45.005,NA,NA
2025-11-29 02:32:45.662,NA,NA
2025-11-29 02:32:46.331,NA,NA
2025-11-29 02:32:46.992,NA,NA
2025-11-29 02:32:47.661,NA,NA
2025-11-29 02:32:48.324,NA,NA
2025-11-29 02:32:48.991,NA,NA
2025-11-29 02:32:49.654,NA,NA
2025-11-29 02:32:50.319,NA,NA
2025-11-29 02:32:50.987,NA,NA
2025-11-29 02:32:51.643,NA,NA
2025-11-29 02:32:52.310,NA,NA
2025-11-29 02:32:52.966,NA,NA
2025-11-29 02:32:53.629,NA,NA
2025-11-29 02:32:54.275,NA,NA
2025-11-29 02:32:54.955,NA,NA
2025-11-29 02:32:55.612,NA,NA
2025-11-29 02:32:56.271,NA,NA
2025-11-29 02:32:56.918,NA,NA
2025-11-29 02:32:57.583,NA,NA
2025-11-29 02:32:58.263,NA,NA
2025-11-29 02:32:58.929,NA,NA
2025-11-29 02:32:59.605,NA,NA
2025-11-29 02:33:00.263,NA,NA
2025-11-29 02:33:00.916,NA,NA
2025-11-29 02:33:01.575,NA,NA
2025-11-29 02:33:02.237,NA,NA
2025-11-29 02:33:02.888,NA,NA
2025-11-29 02:33:03.559,NA,NA
2025-11-29 02:33:04.208,NA,NA
2025-11-29 02:33:04.861,NA,NA
2025-11-29 02:33:05.529,NA,NA
2025-11-29 02:33:06.193,NA,NA
2025-11-29 02:33:06.839,NA,NA
2025-11-29 02:33:07.490,NA,NA
2025-11-29 02:33:08.155,NA,NA
2025-11-29 02:33:08.809,NA,NA
2025-11-29 02:33:09.459,NA,NA
2025-11-29 02:33:10.116,NA,NA
2025-11-29 02:33:10.772,NA,NA
2025-11-29 02:33:11.426,NA,NA
2025-11-29 02:33:12.077,NA,NA
2025-11-29 02:33:12.730,NA,NA
2025-11-29 02:33:13.377,NA,NA
2025-11-29 02:33:14.029,NA,NA
2025-11-29 02:33:14.688,NA,NA
2025-11-29 02:33:15.332,NA,NA
2025-11-29 02:33:15.992,NA,NA
2025-11-29 02:33:16.642,NA,NA
2025-11-29 02:33:17.294,NA,NA
2025-11-29 02:33:17.951,NA,NA
2025-11-29 02:33:18.604,NA,NA
2025-11-29 02:33:19.262,NA,NA
2025-11-29 02:33:19.923,NA,NA
2025-11-29 02:33:20.573,NA,NA
2025-11-29 02:33:21.233,NA,NA
2025-11-29 02:33:21.899,NA,NA
2025-11-29 02:33:22.544,NA,NA
2025-11-29 02:33:23.208,NA,NA
2025-11-29 02:33:23.853,NA,NA
2025-11-29 02:33:24.513,NA,NA
2025-11-29 02:33:25.161,NA,NA
2025-11-29 02:33:25.812,NA,NA
2025-11-29 02:33:26.458,NA,NA
2025-11-29 02:33:27.128,NA,NA
2025-11-29 02:33:27.787,NA,NA
2025-11-29 02:33:28.455,NA,NA
2025-11-29 02:33:29.120,NA,NA
2025-11-29 02:33:29.777,NA,NA
2025-11-29 02:33:30.431,NA,NA
2025-11-29 02:33:31.084,NA,NA
2025-11-29 02:33:31.743,NA,NA
2025-11-29 02:33:32.394,NA,NA
2025-11-29 02:33:33.046,NA,NA
2025-11-29 02:33:33.699,NA,NA
2025-11-29 02:33:34.355,NA,NA
2025-11-29 02:33:35.006,NA,NA
2025-11-29 02:33:35.668,NA,NA
2025-11-29 02:33:36.313,NA,NA
2025-11-29 02:33:36.964,NA,NA
2025-11-29 02:33:37.618,NA,NA
2025-11-29 02:33:38.265,NA,NA
2025-11-29 02:33:38.928,NA,NA
2025-11-29 02:33:39.597,NA,NA
2025-11-29 02:33:40.264,NA,NA
2025-11-29 02:33:40.926,NA,NA
2025-11-29 02:33:41.581,NA,NA
2025-11-29 02:33:42.251,NA,NA
2025-11-29 02:33:42.919,NA,NA
2025-11-29 02:33:43.578,NA,NA
2025-11-29 02:33:44.244,NA,NA
2025-11-29 02:33:44.895,NA,NA
2025-11-29 02:33:45.561,NA,NA
2025-11-29 02:33:46.204,NA,NA
2025-11-29 02:33:46.857,NA,NA
2025-11-29 02:33:47.507,NA,NA
2025-11-29 02:33:48.191,NA,NA
2025-11-29 02:33:48.848,NA,NA
2025-11-29 02:33:49.507,NA,NA
2025-11-29 02:33:50.163,NA,NA
2025-11-29 02:33:50.813,NA,NA
2025-11-29 02:33:51.486,NA,NA
2025-11-29 02:33:52.147,NA,NA
2025-11-29 02:33:52.805,NA,NA
2025-11-29 02:33:53.468,NA,NA
2025-11-29 02:33:54.136,NA,NA
2025-11-29 02:33:54.782,NA,NA
2025-11-29 02:33:55.449,NA,NA
2025-11-29 02:33:56.097,NA,NA
2025-11-29 02:33:56.759,NA,NA
2025-11-29 02:33:57.407,NA,NA
2025-11-29 02:33:58.069,NA,NA
2025-11-29 02:33:58.719,NA,NA
2025-11-29 02:33:59.384,NA,NA
2025-11-29 02:34:00.046,NA,NA
2025-11-29 02:34:00.713,NA,NA
2025-11-29 02:34:01.390,NA,NA
2025-11-29 02:34:02.057,NA,NA
2025-11-29 02:34:02.723,NA,NA
2025-11-29 02:34:03.374,NA,NA
2025-11-29 02:34:04.034,NA,NA
2025-11-29 02:34:04.690,NA,NA
2025-11-29 02:34:05.344,NA,NA
2025-11-29 02:34:05.995,NA,NA
2025-11-29 02:34:06.666,NA,NA
2025-11-29 02:34:07.314,NA,NA
2025-11-29 02:34:07.978,NA,NA
2025-11-29 02:34:08.628,NA,NA
2025-11-29 02:34:09.282,NA,NA
2025-11-29 02:34:09.940,NA,NA
2025-11-29 02:34:10.601,NA,NA
2025-11-29 02:34:11.257,NA,NA
2025-11-29 02:34:11.916,NA,NA
2025-11-29 02:34:12.578,NA,NA
2025-11-29 02:34:13.238,NA,NA
2025-11-29 02:34:13.910,NA,NA
2025-11-29 02:34:14.558,NA,NA
2025-11-29 02:34:15.226,NA,NA
2025-11-29 02:34:15.878,NA,NA
2025-11-29 02:34:16.546,NA,NA
2025-11-29 02:34:17.203,NA,NA
2025-11-29 02:34:17.865,NA,NA
2025-11-29 02:34:18.505,NA,NA
2025-11-29 02:34:19.166,NA,NA
2025-11-29 02:34:19.817,NA,NA
2025-11-29 02:34:20.473,NA,NA
2025-11-29 02:34:21.125,NA,NA
2025-11-29 02:34:21.783,NA,NA
2025-11-29 02:34:22.446,NA,NA
2025-11-29 02:34:23.105,NA,NA
2025-11-29 02:34:23.765,NA,NA
2025-11-29 02:34:24.427,NA,NA
2025-11-29 02:34:25.099,NA,NA
2025-11-29 02:34:25.745,NA,NA
2025-11-29 02:34:26.401,NA,NA
2025-11-29 02:34:27.053,NA,NA
2025-11-29 02:34:27.700,NA,NA
2025-11-29 02:34:28.353,NA,NA
2025-11-29 02:34:29.020,NA,NA
2025-11-29 02:34:29.680,NA,NA
2025-11-29 02:34:30.345,NA,NA
2025-11-29 02:34:31.021,NA,NA
2025-11-29 02:34:31.678,NA,NA
2025-11-29 02:34:32.325,NA,NA
2025-11-29 02:34:32.999,NA,NA
2025-11-29 02:34:33.657,NA,NA
2025-11-29 02:34:34.312,NA,NA
2025-11-29 02:34:34.968,NA,NA
2025-11-29 02:34:35.629,NA,NA
2025-11-29 02:34:36.296,NA,NA
2025-11-29 02:34:36.952,NA,NA
2025-11-29 02:34:37.620,NA,NA
2025-11-29 02:34:38.273,NA,NA
2025-11-29 02:34:38.934,NA,NA
2025-11-29 02:34:39.586,NA,NA
2025-11-29 02:34:40.255,NA,NA
2025-11-29 02:34:40.907,NA,NA
2025-11-29 02:34:41.565,NA,NA
2025-11-29 02:34:42.228,NA,NA
2025-11-29 02:34:42.901,NA,NA
2025-11-29 02:34:43.571,NA,NA
2025-11-29 02:34:44.238,NA,NA
2025-11-29 02:34:44.900,NA,NA
2025-11-29 02:34:45.569,NA,NA
2025-11-29 02:34:46.238,NA,NA
2025-11-29 02:34:46.892,NA,NA
2025-11-29 02:34:47.556,NA,NA
2025-11-29 02:34:48.213,NA,NA
2025-11-29 02:34:48.868,NA,NA
2025-11-29 02:34:49.517,NA,NA
2025-11-29 02:34:50.181,NA,NA
2025-11-29 02:34:50.834,NA,NA
2025-11-29 02:34:51.493,NA,NA
2025-11-29 02:34:52.152,NA,NA
2025-11-29 02:34:52.820,NA,NA
2025-11-29 02:34:53.484,NA,NA
2025-11-29 02:34:54.157,NA,NA
2025-11-29 02:34:54.831,NA,NA
2025-11-29 02:34:55.496,NA,NA
2025-11-29 02:34:56.178,NA,NA
2025-11-29 02:34:56.837,NA,NA
2025-11-29 02:34:57.504,NA,NA
2025-11-29 02:34:58.169,NA,NA
2025-11-29 02:34:58.830,NA,NA
2025-11-29 02:34:59.483,NA,NA
2025-11-29 02:35:00.139,NA,NA
2025-11-29 02:35:00.796,NA,NA
2025-11-29 02:35:01.446,NA,NA
2025-11-29 02:35:02.092,NA,NA
2025-11-29 02:35:02.756,NA,NA
2025-11-29 02:35:03.410,NA,NA
2025-11-29 02:35:04.076,NA,NA
2025-11-29 02:35:04.744,NA,NA
2025-11-29 02:35:05.413,NA,NA
2025-11-29 02:35:06.079,NA,NA
2025-11-29 02:35:06.744,NA,NA
2025-11-29 02:35:07.422,NA,NA
2025-11-29 02:35:08.079,NA,NA
2025-11-29 02:35:08.746,NA,NA
2025-11-29 02:35:09.408,NA,NA
2025-11-29 02:35:10.070,NA,NA
2025-11-29 02:35:10.721,NA,NA
2025-11-29 02:35:11.393,NA,NA
2025-11-29 02:35:12.041,NA,NA
2025-11-29 02:35:12.690,NA,NA
2025-11-29 02:35:13.336,NA,NA
2025-11-29 02:35:13.996,NA,NA
2025-11-29 02:35:14.650,NA,NA
2025-11-29 02:35:15.314,NA,NA
2025-11-29 02:35:15.972,NA,NA
2025-11-29 02:35:16.641,NA,NA
2025-11-29 02:35:17.317,NA,NA
2025-11-29 02:35:17.982,NA,NA
2025-11-29 02:35:18.656,NA,NA
2025-11-29 02:35:19.329,NA,NA
2025-11-29 02:35:19.994,NA,NA
2025-11-29 02:35:20.653,NA,NA
2025-11-29 02:35:21.325,NA,NA
2025-11-29 02:35:21.982,NA,NA
2025-11-29 02:35:22.666,NA,NA
2025-11-29 02:35:23.320,NA,NA
2025-11-29 02:35:23.985,NA,NA
2025-11-29 02:35:24.645,NA,NA
2025-11-29 02:35:25.318,NA,NA
2025-11-29 02:35:25.978,NA,NA
2025-11-29 02:35:26.638,NA,NA
2025-11-29 02:35:27.297,NA,NA
2025-11-29 02:35:27.969,NA,NA
2025-11-29 02:35:28.635,NA,NA
2025-11-29 02:35:29.299,NA,NA
2025-11-29 02:35:29.968,NA,NA
2025-11-29 02:35:30.612,NA,NA
2025-11-29 02:35:31.269,NA,NA
2025-11-29 02:35:31.930,NA,NA
2025-11-29 02:35:32.595,NA,NA
2025-11-29 02:35:33.247,NA,NA
2025-11-29 02:35:33.920,NA,NA
2025-11-29 02:35:34.570,NA,NA
2025-11-29 02:35:35.252,NA,NA
2025-11-29 02:35:35.923,NA,NA
2025-11-29 02:35:36.597,NA,NA
2025-11-29 02:35:37.259,NA,NA
2025-11-29 02:35:37.925,NA,NA
2025-11-29 02:35:38.593,NA,NA
2025-11-29 02:35:39.250,NA,NA
2025-11-29 02:35:39.912,NA,NA
2025-11-29 02:35:40.573,NA,NA
2025-11-29 02:35:41.239,NA,NA
2025-11-29 02:35:41.894,NA,NA
2025-11-29 02:35:42.562,NA,NA
2025-11-29 02:35:43.215,NA,NA
2025-11-29 02:35:43.864,NA,NA
2025-11-29 02:35:44.516,NA,NA
2025-11-29 02:35:45.170,NA,NA
2025-11-29 02:35:45.837,NA,NA
2025-11-29 02:35:46.494,NA,NA
2025-11-29 02:35:47.153,NA,NA
2025-11-29 02:35:47.819,NA,NA
2025-11-29 02:35:48.481,NA,NA
2025-11-29 02:35:49.151,NA,NA
2025-11-29 02:35:49.819,NA,NA
2025-11-29 02:35:50.487,NA,NA
2025-11-29 02:35:51.144,NA,NA
2025-11-29 02:35:51.803,NA,NA
2025-11-29 02:35:52.474,NA,NA
2025-11-29 02:35:53.124,NA,NA
2025-11-29 02:35:53.784,NA,NA
2025-11-29 02:35:54.434,NA,NA
2025-11-29 02:35:55.101,NA,NA
2025-11-29 02:35:55.764,NA,NA
2025-11-29 02:35:56.439,NA,NA
2025-11-29 02:35:57.107,NA,NA
2025-11-29 02:35:57.776,NA,NA
2025-11-29 02:35:58.440,NA,NA
2025-11-29 02:35:59.104,NA,NA
2025-11-29 02:35:59.771,NA,NA
2025-11-29 02:36:00.440,NA,NA
2025-11-29 02:36:01.119,NA,NA
2025-11-29 02:36:01.780,NA,NA
2025-11-29 02:36:02.446,NA,NA
2025-11-29 02:36:03.119,NA,NA
2025-11-29 02:36:03.787,NA,NA
2025-11-29 02:36:04.448,NA,NA
2025-11-29 02:36:05.122,NA,NA
2025-11-29 02:36:05.778,NA,NA
2025-11-29 02:36:06.459,NA,NA
2025-11-29 02:36:07.137,NA,NA
2025-11-29 02:36:07.815,NA,NA
2025-11-29 02:36:08.488,NA,NA
2025-11-29 02:36:09.174,NA,NA
2025-11-29 02:36:09.852,NA,NA
2025-11-29 02:36:10.518,NA,NA
2025-11-29 02:36:11.189,NA,NA
2025-11-29 02:36:11.863,NA,NA
2025-11-29 02:36:12.550,NA,NA
2025-11-29 02:36:13.218,NA,NA
2025-11-29 02:36:13.894,NA,NA
2025-11-29 02:36:14.548,NA,NA
2025-11-29 02:36:15.219,NA,NA
2025-11-29 02:36:15.897,NA,NA
2025-11-29 02:36:16.579,NA,NA
2025-11-29 02:36:17.268,NA,NA
2025-11-29 02:36:17.956,NA,NA
2025-11-29 02:36:18.638,NA,NA
2025-11-29 02:36:19.325,NA,NA
2025-11-29 02:36:20.003,NA,NA
2025-11-29 02:36:20.677,NA,NA
2025-11-29 02:36:21.358,NA,NA
2025-11-29 02:36:22.017,NA,NA
2025-11-29 02:36:22.697,NA,NA
2025-11-29 02:36:23.362,NA,NA
2025-11-29 02:36:24.043,NA,NA
2025-11-29 02:36:24.708,NA,NA
2025-11-29 02:36:25.385,NA,NA
2025-11-29 02:36:26.058,NA,NA
2025-11-29 02:36:26.726,NA,NA
2025-11-29 02:36:27.418,NA,NA
2025-11-29 02:36:28.100,NA,NA
2025-11-29 02:36:28.775,NA,NA
2025-11-29 02:36:29.455,NA,NA
2025-11-29 02:36:30.138,NA,NA
2025-11-29 02:36:30.807,NA,NA
2025-11-29 02:36:31.494,NA,NA
2025-11-29 02:36:32.160,NA,NA
2025-11-29 02:36:32.839,NA,NA
2025-11-29 02:36:33.502,NA,NA
2025-11-29 02:36:34.188,NA,NA
2025-11-29 02:36:34.862,NA,NA
2025-11-29 02:36:35.553,NA,NA
2025-11-29 02:36:36.227,NA,NA
2025-11-29 02:36:36.914,NA,NA
2025-11-29 02:36:37.596,NA,NA
2025-11-29 02:36:38.277,NA,NA
2025-11-29 02:36:38.955,NA,NA
2025-11-29 02:36:39.630,NA,NA
2025-11-29 02:36:40.323,NA,NA
2025-11-29 02:36:40.982,NA,NA
2025-11-29 02:36:41.660,NA,NA
2025-11-29 02:36:42.327,NA,NA
2025-11-29 02:36:43.019,NA,NA
2025-11-29 02:36:43.701,NA,NA
2025-11-29 02:36:44.391,NA,NA
2025-11-29 02:36:45.073,NA,NA
2025-11-29 02:36:45.753,NA,NA
2025-11-29 02:36:46.423,NA,NA
2025-11-29 02:36:47.099,NA,NA
2025-11-29 02:36:47.778,NA,NA
2025-11-29 02:36:48.456,NA,NA
2025-11-29 02:36:49.134,NA,NA
2025-11-29 02:36:49.790,NA,NA
2025-11-29 02:36:50.475,NA,NA
2025-11-29 02:36:51.143,NA,NA
2025-11-29 02:36:51.813,NA,NA
2025-11-29 02:36:52.492,NA,NA
2025-11-29 02:36:53.188,NA,NA
2025-11-29 02:36:53.862,NA,NA
2025-11-29 02:36:54.546,NA,NA
2025-11-29 02:36:55.228,NA,NA
2025-11-29 02:36:55.915,NA,NA
2025-11-29 02:36:56.608,NA,NA
2025-11-29 02:36:57.271,NA,NA
2025-11-29 02:36:57.953,NA,NA
2025-11-29 02:36:58.606,NA,NA
2025-11-29 02:36:59.292,NA,NA
2025-11-29 02:36:59.957,NA,NA
2025-11-29 02:37:00.640,NA,NA
2025-11-29 02:37:01.318,NA,NA
2025-11-29 02:37:02.012,NA,NA
2025-11-29 02:37:02.682,NA,NA
2025-11-29 02:37:03.358,NA,NA
2025-11-29 02:37:04.046,NA,NA
2025-11-29 02:37:04.730,NA,NA
2025-11-29 02:37:05.419,NA,NA
2025-11-29 02:37:06.091,NA,NA
2025-11-29 02:37:06.774,NA,NA
2025-11-29 02:37:07.444,NA,NA
2025-11-29 02:37:08.124,NA,NA
2025-11-29 02:37:08.798,NA,NA
2025-11-29 02:37:09.485,NA,NA
2025-11-29 02:37:10.170,NA,NA
2025-11-29 02:37:10.857,NA,NA
2025-11-29 02:37:11.534,NA,NA
2025-11-29 02:37:12.217,NA,NA
2025-11-29 02:37:12.894,NA,NA
2025-11-29 02:37:13.572,NA,NA
2025-11-29 02:37:14.253,NA,NA
2025-11-29 02:37:14.921,NA,NA
2025-11-29 02:37:15.610,NA,NA
2025-11-29 02:37:16.274,NA,NA
2025-11-29 02:37:16.952,NA,NA
2025-11-29 02:37:17.607,NA,NA
2025-11-29 02:37:18.279,NA,NA
2025-11-29 02:37:18.945,NA,NA
2025-11-29 02:37:19.629,NA,NA
2025-11-29 02:37:20.307,NA,NA
2025-11-29 02:37:20.988,NA,NA
2025-11-29 02:37:21.669,NA,NA
2025-11-29 02:37:22.348,NA,NA
2025-11-29 02:37:23.036,NA,NA
2025-11-29 02:37:23.715,NA,NA
2025-11-29 02:37:24.398,NA,NA
2025-11-29 02:37:25.073,NA,NA
2025-11-29 02:37:25.744,NA,NA
2025-11-29 02:37:26.409,NA,NA
2025-11-29 02:37:27.096,NA,NA
2025-11-29 02:37:27.762,NA,NA
2025-11-29 02:37:28.445,NA,NA
2025-11-29 02:37:29.126,NA,NA
2025-11-29 02:37:29.806,NA,NA
2025-11-29 02:37:30.502,NA,NA
2025-11-29 02:37:31.180,NA,NA
2025-11-29 02:37:31.868,NA,NA
2025-11-29 02:37:32.545,NA,NA
2025-11-29 02:37:33.223,NA,NA
2025-11-29 02:37:33.872,NA,NA
2025-11-29 02:37:34.552,NA,NA
2025-11-29 02:37:35.221,NA,NA
2025-11-29 02:37:35.900,NA,NA
2025-11-29 02:37:36.564,NA,NA
2025-11-29 02:37:37.248,NA,NA
2025-11-29 02:37:37.929,NA,NA
2025-11-29 02:37:38.608,NA,NA
2025-11-29 02:37:39.272,NA,NA
2025-11-29 02:37:39.949,NA,NA
2025-11-29 02:37:40.627,NA,NA
2025-11-29 02:37:41.305,NA,NA
2025-11-29 02:37:41.988,NA,NA
2025-11-29 02:37:42.664,NA,NA
2025-11-29 02:37:43.337,NA,NA
2025-11-29 02:37:44.004,NA,NA
2025-11-29 02:37:44.683,NA,NA
2025-11-29 02:37:45.349,NA,NA
2025-11-29 02:37:46.022,NA,NA
2025-11-29 02:37:46.691,NA,NA
2025-11-29 02:37:47.375,NA,NA
2025-11-29 02:37:48.048,NA,NA
2025-11-29 02:37:48.722,NA,NA
2025-11-29 02:37:49.405,NA,NA
2025-11-29 02:37:50.085,NA,NA
2025-11-29 02:37:50.768,NA,NA
2025-11-29 02:37:51.449,NA,NA
2025-11-29 02:37:52.127,NA,NA
2025-11-29 02:37:52.784,NA,NA
2025-11-29 02:37:53.469,NA,NA
2025-11-29 02:37:54.137,NA,NA
2025-11-29 02:37:54.820,NA,NA
2025-11-29 02:37:55.486,NA,NA
2025-11-29 02:37:56.162,NA,NA
2025-11-29 02:37:56.842,NA,NA
2025-11-29 02:37:57.530,NA,NA
2025-11-29 02:37:58.216,NA,NA
2025-11-29 02:37:58.898,NA,NA
2025-11-29 02:37:59.581,NA,NA
2025-11-29 02:38:00.248,NA,NA
2025-11-29 02:38:00.926,NA,NA
2025-11-29 02:38:01.593,NA,NA
2025-11-29 02:38:02.275,NA,NA
2025-11-29 02:38:02.936,NA,NA
2025-11-29 02:38:03.625,NA,NA
2025-11-29 02:38:04.293,NA,NA
2025-11-29 02:38:04.964,NA,NA
2025-11-29 02:38:05.649,NA,NA
2025-11-29 02:38:06.329,NA,NA
2025-11-29 02:38:07.010,NA,NA
2025-11-29 02:38:07.690,NA,NA
2025-11-29 02:38:08.375,NA,NA
2025-11-29 02:38:09.075,NA,NA
2025-11-29 02:38:09.778,NA,NA
2025-11-29 02:38:10.479,NA,NA
2025-11-29 02:38:11.184,NA,NA
2025-11-29 02:38:11.888,NA,NA
2025-11-29 02:38:12.595,NA,NA
2025-11-29 02:38:13.291,NA,NA
2025-11-29 02:38:13.992,NA,NA
2025-11-29 02:38:14.692,NA,NA
2025-11-29 02:38:15.397,NA,NA
2025-11-29 02:38:16.093,NA,NA
2025-11-29 02:38:16.803,NA,NA
2025-11-29 02:38:17.517,NA,NA
2025-11-29 02:38:18.223,NA,NA
2025-11-29 02:38:18.939,NA,NA
2025-11-29 02:38:19.645,NA,NA
2025-11-29 02:38:20.353,NA,NA
2025-11-29 02:38:21.059,NA,NA
2025-11-29 02:38:21.757,NA,NA
2025-11-29 02:38:22.456,NA,NA
2025-11-29 02:38:23.169,NA,NA
2025-11-29 02:38:23.864,NA,NA
2025-11-29 02:38:24.574,NA,NA
2025-11-29 02:38:25.288,NA,NA
2025-11-29 02:38:25.988,NA,NA
2025-11-29 02:38:26.698,NA,NA
2025-11-29 02:38:27.411,NA,NA
2025-11-29 02:38:28.117,NA,NA
2025-11-29 02:38:28.822,NA,NA
2025-11-29 02:38:29.534,NA,NA
2025-11-29 02:38:30.243,NA,NA
2025-11-29 02:38:30.942,NA,NA
2025-11-29 02:38:31.643,NA,NA
2025-11-29 02:38:32.348,NA,NA
2025-11-29 02:38:33.048,NA,NA
2025-11-29 02:38:33.761,NA,NA
2025-11-29 02:38:34.462,NA,NA
2025-11-29 02:38:35.179,NA,NA
2025-11-29 02:38:35.887,NA,NA
2025-11-29 02:38:36.590,NA,NA
2025-11-29 02:38:37.287,NA,NA
2025-11-29 02:38:37.988,NA,NA
2025-11-29 02:38:38.694,NA,NA
2025-11-29 02:38:39.392,NA,NA
2025-11-29 02:38:40.103,NA,NA
2025-11-29 02:38:40.804,NA,NA
2025-11-29 02:38:41.506,NA,NA
2025-11-29 02:38:42.213,NA,NA
2025-11-29 02:38:42.925,NA,NA
2025-11-29 02:38:43.600,NA,NA
2025-11-29 02:38:44.266,NA,NA
2025-11-29 02:38:44.936,NA,NA
2025-11-29 02:38:45.611,NA,NA
2025-11-29 02:38:46.297,NA,NA
2025-11-29 02:38:46.962,NA,NA
2025-11-29 02:38:47.632,NA,NA
2025-11-29 02:38:48.302,NA,NA
2025-11-29 02:38:48.963,NA,NA
2025-11-29 02:38:49.617,NA,NA
2025-11-29 02:38:50.301,NA,NA
2025-11-29 02:38:50.961,NA,NA
2025-11-29 02:38:51.639,NA,NA
2025-11-29 02:38:52.309,NA,NA
2025-11-29 02:38:52.984,NA,NA
2025-11-29 02:38:53.656,NA,NA
2025-11-29 02:38:54.336,NA,NA
2025-11-29 02:38:55.015,NA,NA
2025-11-29 02:38:55.688,NA,NA
2025-11-29 02:38:56.372,NA,NA
2025-11-29 02:38:57.041,NA,NA
2025-11-29 02:38:57.717,NA,NA
2025-11-29 02:38:58.384,NA,NA
2025-11-29 02:38:59.057,NA,NA
2025-11-29 02:38:59.718,NA,NA
2025-11-29 02:39:00.401,NA,NA
2025-11-29 02:39:01.061,NA,NA
2025-11-29 02:39:01.741,NA,NA
2025-11-29 02:39:02.415,NA,NA
2025-11-29 02:39:03.090,NA,NA
2025-11-29 02:39:03.770,NA,NA
2025-11-29 02:39:04.439,NA,NA
2025-11-29 02:39:05.104,NA,NA
2025-11-29 02:39:05.778,NA,NA
2025-11-29 02:39:06.444,NA,NA
2025-11-29 02:39:07.102,NA,NA
2025-11-29 02:39:07.770,NA,NA
2025-11-29 02:39:08.439,NA,NA
2025-11-29 02:39:09.108,NA,NA
2025-11-29 02:39:09.758,NA,NA
2025-11-29 02:39:10.431,NA,NA
2025-11-29 02:39:11.092,NA,NA
2025-11-29 02:39:11.753,NA,NA
2025-11-29 02:39:12.407,NA,NA
2025-11-29 02:39:13.072,NA,NA
2025-11-29 02:39:13.733,NA,NA
2025-11-29 02:39:14.385,NA,NA
2025-11-29 02:39:15.059,NA,NA
2025-11-29 02:39:15.727,NA,NA
2025-11-29 02:39:16.390,NA,NA
2025-11-29 02:39:17.070,NA,NA
2025-11-29 02:39:17.739,NA,NA
2025-11-29 02:39:18.408,NA,NA
2025-11-29 02:39:19.081,NA,NA
2025-11-29 02:39:19.745,NA,NA
2025-11-29 02:39:20.425,NA,NA
2025-11-29 02:39:21.087,NA,NA
2025-11-29 02:39:21.758,NA,NA
2025-11-29 02:39:22.404,NA,NA
2025-11-29 02:39:23.079,NA,NA
2025-11-29 02:39:23.740,NA,NA
2025-11-29 02:39:24.396,NA,NA
2025-11-29 02:39:25.056,NA,NA
2025-11-29 02:39:25.741,NA,NA
2025-11-29 02:39:26.401,NA,NA
2025-11-29 02:39:27.088,NA,NA
2025-11-29 02:39:27.751,NA,NA
2025-11-29 02:39:28.416,NA,NA
2025-11-29 02:39:29.093,NA,NA
2025-11-29 02:39:29.759,NA,NA
2025-11-29 02:39:30.421,NA,NA
2025-11-29 02:39:31.092,NA,NA
2025-11-29 02:39:31.758,NA,NA
2025-11-29 02:39:32.429,NA,NA
2025-11-29 02:39:33.109,NA,NA
2025-11-29 02:39:33.762,NA,NA
2025-11-29 02:39:34.428,NA,NA
2025-11-29 02:39:35.086,NA,NA
2025-11-29 02:39:35.757,NA,NA
2025-11-29 02:39:36.429,NA,NA
2025-11-29 02:39:37.096,NA,NA
2025-11-29 02:39:37.758,NA,NA
2025-11-29 02:39:38.419,NA,NA
2025-11-29 02:39:39.092,NA,NA
2025-11-29 02:39:39.759,NA,NA
2025-11-29 02:39:40.440,NA,NA
2025-11-29 02:39:41.100,NA,NA
2025-11-29 02:39:41.763,NA,NA
2025-11-29 02:39:42.421,NA,NA
2025-11-29 02:39:43.090,NA,NA
2025-11-29 02:39:43.741,NA,NA
2025-11-29 02:39:44.420,NA,NA
2025-11-29 02:39:45.088,NA,NA
2025-11-29 02:39:45.757,NA,NA
2025-11-29 02:39:46.416,NA,NA
2025-11-29 02:39:47.093,NA,NA
2025-11-29 02:39:47.751,NA,NA
2025-11-29 02:39:48.432,NA,NA
2025-11-29 02:39:49.115,NA,NA
2025-11-29 02:39:49.796,NA,NA
2025-11-29 02:39:50.465,NA,NA
2025-11-29 02:39:51.121,NA,NA
2025-11-29 02:39:51.811,NA,NA
2025-11-29 02:39:52.477,NA,NA
2025-11-29 02:39:53.149,NA,NA
2025-11-29 02:39:53.820,NA,NA
2025-11-29 02:39:54.522,NA,NA
2025-11-29 02:39:55.238,NA,NA
2025-11-29 02:39:55.947,NA,NA
2025-11-29 02:39:56.652,NA,NA
2025-11-29 02:39:57.367,NA,NA
2025-11-29 02:39:58.075,NA,NA
2025-11-29 02:39:58.784,NA,NA
2025-11-29 02:39:59.492,NA,NA
2025-11-29 02:40:00.195,NA,NA
2025-11-29 02:40:00.904,NA,NA
2025-11-29 02:40:01.599,NA,NA
2025-11-29 02:40:02.312,NA,NA
2025-11-29 02:40:03.012,NA,NA
2025-11-29 02:40:03.716,NA,NA
2025-11-29 02:40:04.416,NA,NA
2025-11-29 02:40:05.131,NA,NA
2025-11-29 02:40:05.841,NA,NA
2025-11-29 02:40:06.551,NA,NA
2025-11-29 02:40:07.254,NA,NA
2025-11-29 02:40:07.973,NA,NA
2025-11-29 02:40:08.676,NA,NA
2025-11-29 02:40:09.389,NA,NA
2025-11-29 02:40:10.102,NA,NA
2025-11-29 02:40:10.807,NA,NA
2025-11-29 02:40:11.478,NA,NA
2025-11-29 02:40:12.149,NA,NA
2025-11-29 02:40:12.818,NA,NA
2025-11-29 02:40:13.479,NA,NA
2025-11-29 02:40:14.163,NA,NA
2025-11-29 02:40:14.829,NA,NA
2025-11-29 02:40:15.490,NA,NA
2025-11-29 02:40:16.151,NA,NA
2025-11-29 02:40:16.807,NA,NA
2025-11-29 02:40:17.451,NA,NA
2025-11-29 02:40:18.105,NA,NA
2025-11-29 02:40:18.755,NA,NA
2025-11-29 02:40:19.403,NA,NA
2025-11-29 02:40:20.068,NA,NA
2025-11-29 02:40:20.718,NA,NA
2025-11-29 02:40:21.384,NA,NA
2025-11-29 02:40:22.033,NA,NA
2025-11-29 02:40:22.686,NA,NA
2025-11-29 02:40:23.343,NA,NA
2025-11-29 02:40:24.009,NA,NA
2025-11-29 02:40:24.676,NA,NA
2025-11-29 02:40:25.344,NA,NA
2025-11-29 02:40:26.005,NA,NA
2025-11-29 02:40:26.670,NA,NA
2025-11-29 02:40:27.324,NA,NA
2025-11-29 02:40:27.986,NA,NA
2025-11-29 02:40:28.641,NA,NA
2025-11-29 02:40:29.298,NA,NA
2025-11-29 02:40:29.953,NA,NA
2025-11-29 02:40:30.603,NA,NA
2025-11-29 02:40:31.266,NA,NA
2025-11-29 02:40:31.915,NA,NA
2025-11-29 02:40:32.577,NA,NA
2025-11-29 02:40:33.226,NA,NA
2025-11-29 02:40:33.890,NA,NA
2025-11-29 02:40:34.548,NA,NA
2025-11-29 02:40:35.205,NA,NA
2025-11-29 02:40:35.864,NA,NA
2025-11-29 02:40:36.519,NA,NA
2025-11-29 02:40:37.188,NA,NA
2025-11-29 02:40:37.842,NA,NA
2025-11-29 02:40:38.502,NA,NA
2025-11-29 02:40:39.166,NA,NA
2025-11-29 02:40:39.837,NA,NA
2025-11-29 02:40:40.492,NA,NA
2025-11-29 02:40:41.151,NA,NA
2025-11-29 02:40:41.808,NA,NA
2025-11-29 02:40:42.475,NA,NA
2025-11-29 02:40:43.113,NA,NA
2025-11-29 02:40:43.772,NA,NA
2025-11-29 02:40:44.425,NA,NA
2025-11-29 02:40:45.093,NA,NA
2025-11-29 02:40:45.747,NA,NA
2025-11-29 02:40:46.408,NA,NA
2025-11-29 02:40:47.066,NA,NA
2025-11-29 02:40:47.724,NA,NA
2025-11-29 02:40:48.375,NA,NA
2025-11-29 02:40:49.045,NA,NA
2025-11-29 02:40:49.700,NA,NA
2025-11-29 02:40:50.360,NA,NA
2025-11-29 02:40:51.016,NA,NA
2025-11-29 02:40:51.677,NA,NA
2025-11-29 02:40:52.343,NA,NA
2025-11-29 02:40:52.995,NA,NA
2025-11-29 02:40:53.654,NA,NA
2025-11-29 02:40:54.302,NA,NA
2025-11-29 02:40:54.963,NA,NA
2025-11-29 02:40:55.606,NA,NA
2025-11-29 02:40:56.261,NA,NA
2025-11-29 02:40:56.914,NA,NA
2025-11-29 02:40:57.562,NA,NA
2025-11-29 02:40:58.203,NA,NA
2025-11-29 02:40:58.859,NA,NA
2025-11-29 02:40:59.519,NA,NA
2025-11-29 02:41:00.171,NA,NA
2025-11-29 02:41:00.832,NA,NA
2025-11-29 02:41:01.498,NA,NA
2025-11-29 02:41:02.155,NA,NA
2025-11-29 02:41:02.812,NA,NA
2025-11-29 02:41:03.485,NA,NA
2025-11-29 02:41:04.140,NA,NA
2025-11-29 02:41:04.806,NA,NA
2025-11-29 02:41:05.456,NA,NA
2025-11-29 02:41:06.119,NA,NA
2025-11-29 02:41:06.773,NA,NA
2025-11-29 02:41:07.433,NA,NA
2025-11-29 02:41:08.090,NA,NA
2025-11-29 02:41:08.762,NA,NA
2025-11-29 02:41:09.413,NA,NA
2025-11-29 02:41:10.067,NA,NA
2025-11-29 02:41:10.729,NA,NA
2025-11-29 02:41:11.386,NA,NA
2025-11-29 02:41:12.038,NA,NA
2025-11-29 02:41:12.692,NA,NA
2025-11-29 02:41:13.346,NA,NA
2025-11-29 02:41:14.009,NA,NA
2025-11-29 02:41:14.664,NA,NA
2025-11-29 02:41:15.318,NA,NA
2025-11-29 02:41:15.979,NA,NA
2025-11-29 02:41:16.627,NA,NA
2025-11-29 02:41:17.295,NA,NA
2025-11-29 02:41:17.950,NA,NA
2025-11-29 02:41:18.616,NA,NA
2025-11-29 02:41:19.282,NA,NA
2025-11-29 02:41:19.939,NA,NA
2025-11-29 02:41:20.605,NA,NA
2025-11-29 02:41:21.273,NA,NA
2025-11-29 02:41:21.938,NA,NA
2025-11-29 02:41:22.602,NA,NA
2025-11-29 02:41:23.269,NA,NA
2025-11-29 02:41:23.920,NA,NA
2025-11-29 02:41:24.577,NA,NA
2025-11-29 02:41:25.226,NA,NA
2025-11-29 02:41:25.893,NA,NA
2025-11-29 02:41:26.542,NA,NA
2025-11-29 02:41:27.197,NA,NA
2025-11-29 02:41:27.833,NA,NA
2025-11-29 02:41:28.480,NA,NA
2025-11-29 02:41:29.127,NA,NA
2025-11-29 02:41:29.785,NA,NA
2025-11-29 02:41:30.431,NA,NA
2025-11-29 02:41:31.094,NA,NA
2025-11-29 02:41:31.762,NA,NA
2025-11-29 02:41:32.428,NA,NA
2025-11-29 02:41:33.097,NA,NA
2025-11-29 02:41:33.762,NA,NA
2025-11-29 02:41:34.426,NA,NA
2025-11-29 02:41:35.083,NA,NA
2025-11-29 02:41:35.744,NA,NA
2025-11-29 02:41:36.394,NA,NA
2025-11-29 02:41:37.046,NA,NA
2025-11-29 02:41:37.696,NA,NA
2025-11-29 02:41:38.353,NA,NA
2025-11-29 02:41:38.991,NA,NA
2025-11-29 02:41:39.647,NA,NA
2025-11-29 02:41:40.304,NA,NA
2025-11-29 02:41:40.956,NA,NA
2025-11-29 02:41:41.618,NA,NA
2025-11-29 02:41:42.281,NA,NA
2025-11-29 02:41:42.935,NA,NA
2025-11-29 02:41:43.597,NA,NA
2025-11-29 02:41:44.273,NA,NA
2025-11-29 02:41:44.933,NA,NA
2025-11-29 02:41:45.604,NA,NA
2025-11-29 02:41:46.266,NA,NA
2025-11-29 02:41:46.930,NA,NA
2025-11-29 02:41:47.580,NA,NA
2025-11-29 02:41:48.245,NA,NA
2025-11-29 02:41:48.900,NA,NA
2025-11-29 02:41:49.564,NA,NA
2025-11-29 02:41:50.228,NA,NA
2025-11-29 02:41:50.891,NA,NA
2025-11-29 02:41:51.552,NA,NA
2025-11-29 02:41:52.214,NA,NA
2025-11-29 02:41:52.883,NA,NA
2025-11-29 02:41:53.557,NA,NA
2025-11-29 02:41:54.214,NA,NA
2025-11-29 02:41:54.875,NA,NA
2025-11-29 02:41:55.541,NA,NA
2025-11-29 02:41:56.190,NA,NA
2025-11-29 02:41:56.842,NA,NA
2025-11-29 02:41:57.494,NA,NA
2025-11-29 02:41:58.155,NA,NA
2025-11-29 02:41:58.799,NA,NA
2025-11-29 02:41:59.458,NA,NA
2025-11-29 02:42:00.111,NA,NA
2025-11-29 02:42:00.777,NA,NA
2025-11-29 02:42:01.444,NA,NA
2025-11-29 02:42:02.103,NA,NA
2025-11-29 02:42:02.773,NA,NA
2025-11-29 02:42:03.430,NA,NA
2025-11-29 02:42:04.086,NA,NA
2025-11-29 02:42:04.765,NA,NA
2025-11-29 02:42:05.431,NA,NA
2025-11-29 02:42:06.094,NA,NA
2025-11-29 02:42:06.756,NA,NA
2025-11-29 02:42:07.404,NA,NA
2025-11-29 02:42:08.061,NA,NA
2025-11-29 02:42:08.711,NA,NA
2025-11-29 02:42:09.370,NA,NA
2025-11-29 02:42:10.025,NA,NA
2025-11-29 02:42:10.685,NA,NA
2025-11-29 02:42:11.333,NA,NA
2025-11-29 02:42:11.993,NA,NA
2025-11-29 02:42:12.651,NA,NA
2025-11-29 02:42:13.317,NA,NA
2025-11-29 02:42:13.971,NA,NA
2025-11-29 02:42:14.629,NA,NA
2025-11-29 02:42:15.288,NA,NA
2025-11-29 02:42:15.941,NA,NA
2025-11-29 02:42:16.586,NA,NA
2025-11-29 02:42:17.222,NA,NA
2025-11-29 02:42:17.894,NA,NA
2025-11-29 02:42:18.548,NA,NA
2025-11-29 02:42:19.213,NA,NA
2025-11-29 02:42:19.859,NA,NA
2025-11-29 02:42:20.514,NA,NA
2025-11-29 02:42:21.156,NA,NA
2025-11-29 02:42:21.826,NA,NA
2025-11-29 02:42:22.490,NA,NA
2025-11-29 02:42:23.149,NA,NA
2025-11-29 02:42:23.808,NA,NA
2025-11-29 02:42:24.472,NA,NA
2025-11-29 02:42:25.139,NA,NA
2025-11-29 02:42:25.823,NA,NA
2025-11-29 02:42:26.490,NA,NA
2025-11-29 02:42:27.148,NA,NA
2025-11-29 02:42:27.814,NA,NA
2025-11-29 02:42:28.475,NA,NA
2025-11-29 02:42:29.128,NA,NA
2025-11-29 02:42:29.781,NA,NA
2025-11-29 02:42:30.445,NA,NA
2025-11-29 02:42:31.095,NA,NA
2025-11-29 02:42:31.756,NA,NA
2025-11-29 02:42:32.413,NA,NA
2025-11-29 02:42:33.076,NA,NA
2025-11-29 02:42:33.745,NA,NA
2025-11-29 02:42:34.405,NA,NA
2025-11-29 02:42:35.063,NA,NA
2025-11-29 02:42:35.715,NA,NA
2025-11-29 02:42:36.390,NA,NA
2025-11-29 02:42:37.050,NA,NA
2025-11-29 02:42:37.719,NA,NA
2025-11-29 02:42:38.377,NA,NA
2025-11-29 02:42:39.048,NA,NA
2025-11-29 02:42:39.698,NA,NA
2025-11-29 02:42:40.354,NA,NA
2025-11-29 02:42:41.000,NA,NA
2025-11-29 02:42:41.672,NA,NA
2025-11-29 02:42:42.312,NA,NA
2025-11-29 02:42:42.960,NA,NA
2025-11-29 02:42:43.612,NA,NA
2025-11-29 02:42:44.264,NA,NA
2025-11-29 02:42:44.916,NA,NA
2025-11-29 02:42:45.577,NA,NA
2025-11-29 02:42:46.237,NA,NA
2025-11-29 02:42:46.910,NA,NA
2025-11-29 02:42:47.571,NA,NA
2025-11-29 02:42:48.226,NA,NA
2025-11-29 02:42:48.893,NA,NA
2025-11-29 02:42:49.554,NA,NA
2025-11-29 02:42:50.218,NA,NA
2025-11-29 02:42:50.868,NA,NA
2025-11-29 02:42:51.535,NA,NA
2025-11-29 02:42:52.193,NA,NA
2025-11-29 02:42:52.859,NA,NA
2025-11-29 02:42:53.519,NA,NA
2025-11-29 02:42:54.174,NA,NA
2025-11-29 02:42:54.822,NA,NA
2025-11-29 02:42:55.500,NA,NA
2025-11-29 02:42:56.159,NA,NA
2025-11-29 02:42:56.822,NA,NA
2025-11-29 02:42:57.491,NA,NA
2025-11-29 02:42:58.159,NA,NA
2025-11-29 02:42:58.831,NA,NA
2025-11-29 02:42:59.510,NA,NA
2025-11-29 02:43:00.173,NA,NA
2025-11-29 02:43:00.841,NA,NA
2025-11-29 02:43:01.519,NA,NA
2025-11-29 02:43:02.178,NA,NA
2025-11-29 02:43:02.841,NA,NA
2025-11-29 02:43:03.486,NA,NA
2025-11-29 02:43:04.147,NA,NA
2025-11-29 02:43:04.793,NA,NA
2025-11-29 02:43:05.466,NA,NA
2025-11-29 02:43:06.133,NA,NA
2025-11-29 02:43:06.789,NA,NA
2025-11-29 02:43:07.451,NA,NA
2025-11-29 02:43:08.110,NA,NA
2025-11-29 02:43:08.760,NA,NA
2025-11-29 02:43:09.424,NA,NA
2025-11-29 02:43:10.071,NA,NA
2025-11-29 02:43:10.731,NA,NA
2025-11-29 02:43:11.393,NA,NA
2025-11-29 02:43:12.047,NA,NA
2025-11-29 02:43:12.706,NA,NA
2025-11-29 02:43:13.352,NA,NA
2025-11-29 02:43:14.014,NA,NA
2025-11-29 02:43:14.670,NA,NA
2025-11-29 02:43:15.325,NA,NA
2025-11-29 02:43:15.976,NA,NA
2025-11-29 02:43:16.632,NA,NA
2025-11-29 02:43:17.269,NA,NA
2025-11-29 02:43:17.926,NA,NA
2025-11-29 02:43:18.582,NA,NA
2025-11-29 02:43:19.247,NA,NA
2025-11-29 02:43:19.900,NA,NA
2025-11-29 02:43:20.565,NA,NA
2025-11-29 02:43:21.228,NA,NA
2025-11-29 02:43:21.891,NA,NA
2025-11-29 02:43:22.553,NA,NA
2025-11-29 02:43:23.202,NA,NA
2025-11-29 02:43:23.851,NA,NA
2025-11-29 02:43:24.508,NA,NA
2025-11-29 02:43:25.184,NA,NA
2025-11-29 02:43:25.846,NA,NA
2025-11-29 02:43:26.514,NA,NA
2025-11-29 02:43:27.178,NA,NA
2025-11-29 02:43:27.853,NA,NA
2025-11-29 02:43:28.526,NA,NA
2025-11-29 02:43:29.192,NA,NA
2025-11-29 02:43:29.864,NA,NA
2025-11-29 02:43:30.536,NA,NA
2025-11-29 02:43:31.222,NA,NA
2025-11-29 02:43:31.895,NA,NA
2025-11-29 02:43:32.568,NA,NA
2025-11-29 02:43:33.234,NA,NA
2025-11-29 02:43:33.911,NA,NA
2025-11-29 02:43:34.573,NA,NA
2025-11-29 02:43:35.250,NA,NA
2025-11-29 02:43:35.909,NA,NA
2025-11-29 02:43:36.581,NA,NA
2025-11-29 02:43:37.235,NA,NA
2025-11-29 02:43:37.913,NA,NA
2025-11-29 02:43:38.581,NA,NA
2025-11-29 02:43:39.264,NA,NA
2025-11-29 02:43:39.946,NA,NA
2025-11-29 02:43:40.614,NA,NA
2025-11-29 02:43:41.296,NA,NA
2025-11-29 02:43:41.977,NA,NA
2025-11-29 02:43:42.655,NA,NA
2025-11-29 02:43:43.311,NA,NA
2025-11-29 02:43:43.991,NA,NA
2025-11-29 02:43:44.650,NA,NA
2025-11-29 02:43:45.320,NA,NA
2025-11-29 02:43:45.970,NA,NA
2025-11-29 02:43:46.632,NA,NA
2025-11-29 02:43:47.288,NA,NA
2025-11-29 02:43:47.957,NA,NA
2025-11-29 02:43:48.629,NA,NA
2025-11-29 02:43:49.315,NA,NA
2025-11-29 02:43:49.995,NA,NA
2025-11-29 02:43:50.677,NA,NA
2025-11-29 02:43:51.335,NA,NA
2025-11-29 02:43:52.014,NA,NA
2025-11-29 02:43:52.676,NA,NA
2025-11-29 02:43:53.351,NA,NA
2025-11-29 02:43:54.033,NA,NA
2025-11-29 02:43:54.687,NA,NA
2025-11-29 02:43:55.349,NA,NA
2025-11-29 02:43:56.018,NA,NA
2025-11-29 02:43:56.686,NA,NA
2025-11-29 02:43:57.336,NA,NA
2025-11-29 02:43:58.022,NA,NA
2025-11-29 02:43:58.694,NA,NA
2025-11-29 02:43:59.369,NA,NA
2025-11-29 02:44:00.046,NA,NA
2025-11-29 02:44:00.726,NA,NA
2025-11-29 02:44:01.403,NA,NA
2025-11-29 02:44:02.072,NA,NA
2025-11-29 02:44:02.746,NA,NA
2025-11-29 02:44:03.409,NA,NA
2025-11-29 02:44:04.090,NA,NA
2025-11-29 02:44:04.753,NA,NA
2025-11-29 02:44:05.442,NA,NA
2025-11-29 02:44:06.098,NA,NA
2025-11-29 02:44:06.786,NA,NA
2025-11-29 02:44:07.457,NA,NA
2025-11-29 02:44:08.140,NA,NA
2025-11-29 02:44:08.819,NA,NA
2025-11-29 02:44:09.499,NA,NA
2025-11-29 02:44:10.162,NA,NA
2025-11-29 02:44:10.847,NA,NA
2025-11-29 02:44:11.519,NA,NA
2025-11-29 02:44:12.203,NA,NA
2025-11-29 02:44:12.888,NA,NA
2025-11-29 02:44:13.541,NA,NA
2025-11-29 02:44:14.213,NA,NA
2025-11-29 02:44:14.884,NA,NA
2025-11-29 02:44:15.564,NA,NA
2025-11-29 02:44:16.247,NA,NA
2025-11-29 02:44:16.915,NA,NA
2025-11-29 02:44:17.584,NA,NA
2025-11-29 02:44:18.252,NA,NA
2025-11-29 02:44:18.918,NA,NA
2025-11-29 02:44:19.592,NA,NA
2025-11-29 02:44:20.272,NA,NA
2025-11-29 02:44:20.942,NA,NA
2025-11-29 02:44:21.627,NA,NA
2025-11-29 02:44:22.290,NA,NA
2025-11-29 02:44:22.960,NA,NA
2025-11-29 02:44:23.614,NA,NA
2025-11-29 02:44:24.281,NA,NA
2025-11-29 02:44:24.933,NA,NA
2025-11-29 02:44:25.613,NA,NA
2025-11-29 02:44:26.280,NA,NA
2025-11-29 02:44:26.959,NA,NA
2025-11-29 02:44:27.636,NA,NA
2025-11-29 02:44:28.316,NA,NA
2025-11-29 02:44:28.994,NA,NA
2025-11-29 02:44:29.669,NA,NA
2025-11-29 02:44:30.342,NA,NA
2025-11-29 02:44:31.007,NA,NA
2025-11-29 02:44:31.694,NA,NA
2025-11-29 02:44:32.351,NA,NA
2025-11-29 02:44:33.044,NA,NA
2025-11-29 02:44:33.714,NA,NA
2025-11-29 02:44:34.391,NA,NA
2025-11-29 02:44:35.068,NA,NA
2025-11-29 02:44:35.752,NA,NA
2025-11-29 02:44:36.437,NA,NA
2025-11-29 02:44:37.124,NA,NA
2025-11-29 02:44:37.805,NA,NA
2025-11-29 02:44:38.480,NA,NA
2025-11-29 02:44:39.157,NA,NA
2025-11-29 02:44:39.822,NA,NA
2025-11-29 02:44:40.495,NA,NA
2025-11-29 02:44:41.162,NA,NA
2025-11-29 02:44:41.840,NA,NA
2025-11-29 02:44:42.512,NA,NA
2025-11-29 02:44:43.197,NA,NA
2025-11-29 02:44:43.868,NA,NA
2025-11-29 02:44:44.557,NA,NA
2025-11-29 02:44:45.235,NA,NA
2025-11-29 02:44:45.923,NA,NA
2025-11-29 02:44:46.599,NA,NA
2025-11-29 02:44:47.286,NA,NA
2025-11-29 02:44:47.973,NA,NA
2025-11-29 02:44:48.649,NA,NA
2025-11-29 02:44:49.325,NA,NA
2025-11-29 02:44:49.985,NA,NA
2025-11-29 02:44:50.661,NA,NA
2025-11-29 02:44:51.322,NA,NA
2025-11-29 02:44:51.998,NA,NA
2025-11-29 02:44:52.669,NA,NA
2025-11-29 02:44:53.348,NA,NA
2025-11-29 02:44:54.018,NA,NA
2025-11-29 02:44:54.702,NA,NA
2025-11-29 02:44:55.371,NA,NA
2025-11-29 02:44:56.034,NA,NA
2025-11-29 02:44:56.703,NA,NA
2025-11-29 02:44:57.388,NA,NA
2025-11-29 02:44:58.078,NA,NA
2025-11-29 02:44:58.759,NA,NA
2025-11-29 02:44:59.428,NA,NA
2025-11-29 02:45:00.094,NA,NA
2025-11-29 02:45:00.763,NA,NA
2025-11-29 02:45:01.428,NA,NA
2025-11-29 02:45:02.099,NA,NA
2025-11-29 02:45:02.765,NA,NA
2025-11-29 02:45:03.444,NA,NA
2025-11-29 02:45:04.134,NA,NA
2025-11-29 02:45:04.813,NA,NA
2025-11-29 02:45:05.502,NA,NA
2025-11-29 02:45:06.180,NA,NA
2025-11-29 02:45:06.861,NA,NA
2025-11-29 02:45:07.547,NA,NA
2025-11-29 02:45:08.234,NA,NA
2025-11-29 02:45:08.899,NA,NA
2025-11-29 02:45:09.587,NA,NA
2025-11-29 02:45:10.253,NA,NA
2025-11-29 02:45:10.936,NA,NA
2025-11-29 02:45:11.607,NA,NA
2025-11-29 02:45:12.290,NA,NA
2025-11-29 02:45:12.976,NA,NA
2025-11-29 02:45:13.659,NA,NA
2025-11-29 02:45:14.340,NA,NA
2025-11-29 02:45:15.022,NA,NA
2025-11-29 02:45:15.706,NA,NA
2025-11-29 02:45:16.392,NA,NA
2025-11-29 02:45:17.083,NA,NA
2025-11-29 02:45:17.755,NA,NA
2025-11-29 02:45:18.435,NA,NA
2025-11-29 02:45:19.098,NA,NA
2025-11-29 02:45:19.766,NA,NA
2025-11-29 02:45:20.435,NA,NA
2025-11-29 02:45:21.110,NA,NA
2025-11-29 02:45:21.781,NA,NA
2025-11-29 02:45:22.441,NA,NA
2025-11-29 02:45:23.122,NA,NA
2025-11-29 02:45:23.794,NA,NA
2025-11-29 02:45:24.457,NA,NA
2025-11-29 02:45:25.132,NA,NA
2025-11-29 02:45:25.817,NA,NA
2025-11-29 02:45:26.478,NA,NA
2025-11-29 02:45:27.151,NA,NA
2025-11-29 02:45:27.819,NA,NA
2025-11-29 02:45:28.497,NA,NA
2025-11-29 02:45:29.159,NA,NA
2025-11-29 02:45:29.831,NA,NA
2025-11-29 02:45:30.492,NA,NA
2025-11-29 02:45:31.158,NA,NA
2025-11-29 02:45:31.826,NA,NA
2025-11-29 02:45:32.512,NA,NA
2025-11-29 02:45:33.176,NA,NA
2025-11-29 02:45:33.847,NA,NA
2025-11-29 02:45:34.515,NA,NA
2025-11-29 02:45:35.186,NA,NA
2025-11-29 02:45:35.853,NA,NA
2025-11-29 02:45:36.504,NA,NA
2025-11-29 02:45:37.187,NA,NA
2025-11-29 02:45:37.858,NA,NA
2025-11-29 02:45:38.525,NA,NA
2025-11-29 02:45:39.199,NA,NA
2025-11-29 02:45:39.889,NA,NA
2025-11-29 02:45:40.569,NA,NA
2025-11-29 02:45:41.245,NA,NA
2025-11-29 02:45:41.915,NA,NA
2025-11-29 02:45:42.597,NA,NA
2025-11-29 02:45:43.275,NA,NA
2025-11-29 02:45:43.948,NA,NA
2025-11-29 02:45:44.627,NA,NA
2025-11-29 02:45:45.290,NA,NA
2025-11-29 02:45:45.973,NA,NA
2025-11-29 02:45:46.640,NA,NA
2025-11-29 02:45:47.311,NA,NA
2025-11-29 02:45:47.970,NA,NA
2025-11-29 02:45:48.631,NA,NA
2025-11-29 02:45:49.291,NA,NA
2025-11-29 02:45:49.965,NA,NA
2025-11-29 02:45:50.627,NA,NA
2025-11-29 02:45:51.315,NA,NA
2025-11-29 02:45:51.992,NA,NA
2025-11-29 02:45:52.661,NA,NA
2025-11-29 02:45:53.339,NA,NA
2025-11-29 02:45:53.999,NA,NA
2025-11-29 02:45:54.684,NA,NA
2025-11-29 02:45:55.348,NA,NA
2025-11-29 02:45:56.005,NA,NA
2025-11-29 02:45:56.660,NA,NA
2025-11-29 02:45:57.333,NA,NA
2025-11-29 02:45:57.996,NA,NA
2025-11-29 02:45:58.677,NA,NA
2025-11-29 02:45:59.347,NA,NA
2025-11-29 02:46:00.008,NA,NA
2025-11-29 02:46:00.685,NA,NA
2025-11-29 02:46:01.362,NA,NA
2025-11-29 02:46:02.034,NA,NA
2025-11-29 02:46:02.706,NA,NA
2025-11-29 02:46:03.387,NA,NA
2025-11-29 02:46:04.053,NA,NA
2025-11-29 02:46:04.733,NA,NA
2025-11-29 02:46:05.401,NA,NA
2025-11-29 02:46:06.077,NA,NA
2025-11-29 02:46:06.744,NA,NA
2025-11-29 02:46:07.429,NA,NA
2025-11-29 02:46:08.105,NA,NA
2025-11-29 02:46:08.799,NA,NA
2025-11-29 02:46:09.494,NA,NA
2025-11-29 02:46:10.175,NA,NA
2025-11-29 02:46:10.867,NA,NA
2025-11-29 02:46:11.539,NA,NA
2025-11-29 02:46:12.220,NA,NA
2025-11-29 02:46:12.893,NA,NA
2025-11-29 02:46:13.557,NA,NA
2025-11-29 02:46:14.223,NA,NA
2025-11-29 02:46:14.902,NA,NA
2025-11-29 02:46:15.561,NA,NA
2025-11-29 02:46:16.247,NA,NA
2025-11-29 02:46:16.920,NA,NA
2025-11-29 02:46:17.605,NA,NA
2025-11-29 02:46:18.282,NA,NA
2025-11-29 02:46:18.972,NA,NA
2025-11-29 02:46:19.659,NA,NA
2025-11-29 02:46:20.349,NA,NA
2025-11-29 02:46:21.030,NA,NA
2025-11-29 02:46:21.699,NA,NA
2025-11-29 02:46:22.389,NA,NA
2025-11-29 02:46:23.052,NA,NA
2025-11-29 02:46:23.736,NA,NA
2025-11-29 02:46:24.401,NA,NA
2025-11-29 02:46:25.078,NA,NA
2025-11-29 02:46:25.751,NA,NA
2025-11-29 02:46:26.415,NA,NA
2025-11-29 02:46:27.081,NA,NA
2025-11-29 02:46:27.761,NA,NA
2025-11-29 02:46:28.414,NA,NA
2025-11-29 02:46:29.084,NA,NA
2025-11-29 02:46:29.766,NA,NA
2025-11-29 02:46:30.447,NA,NA
2025-11-29 02:46:31.111,NA,NA
2025-11-29 02:46:31.778,NA,NA
2025-11-29 02:46:32.440,NA,NA
2025-11-29 02:46:33.107,NA,NA
2025-11-29 02:46:33.794,NA,NA
2025-11-29 02:46:34.455,NA,NA
2025-11-29 02:46:35.130,NA,NA
2025-11-29 02:46:35.797,NA,NA
2025-11-29 02:46:36.474,NA,NA
2025-11-29 02:46:37.150,NA,NA
2025-11-29 02:46:37.833,NA,NA
2025-11-29 02:46:38.502,NA,NA
2025-11-29 02:46:39.176,NA,NA
2025-11-29 02:46:39.845,NA,NA
2025-11-29 02:46:40.521,NA,NA
2025-11-29 02:46:41.204,NA,NA
2025-11-29 02:46:41.875,NA,NA
2025-11-29 02:46:42.546,NA,NA
2025-11-29 02:46:43.208,NA,NA
2025-11-29 02:46:43.898,NA,NA
2025-11-29 02:46:44.564,NA,NA
2025-11-29 02:46:45.242,NA,NA
2025-11-29 02:46:45.921,NA,NA
2025-11-29 02:46:46.598,NA,NA
2025-11-29 02:46:47.280,NA,NA
2025-11-29 02:46:47.955,NA,NA
2025-11-29 02:46:48.623,NA,NA
2025-11-29 02:46:49.316,NA,NA
2025-11-29 02:46:50.003,NA,NA
2025-11-29 02:46:50.672,NA,NA
2025-11-29 02:46:51.349,NA,NA
2025-11-29 02:46:52.018,NA,NA
2025-11-29 02:46:52.700,NA,NA
2025-11-29 02:46:53.366,NA,NA
2025-11-29 02:46:54.049,NA,NA
2025-11-29 02:46:54.721,NA,NA
2025-11-29 02:46:55.384,NA,NA
2025-11-29 02:46:56.060,NA,NA
2025-11-29 02:46:56.747,NA,NA
2025-11-29 02:46:57.416,NA,NA
2025-11-29 02:46:58.092,NA,NA
2025-11-29 02:46:58.768,NA,NA
2025-11-29 02:46:59.453,NA,NA
2025-11-29 02:47:00.131,NA,NA
2025-11-29 02:47:00.791,NA,NA
2025-11-29 02:47:01.477,NA,NA
2025-11-29 02:47:02.131,NA,NA
2025-11-29 02:47:02.807,NA,NA
2025-11-29 02:47:03.471,NA,NA
2025-11-29 02:47:04.150,NA,NA
2025-11-29 02:47:04.820,NA,NA
2025-11-29 02:47:05.502,NA,NA
2025-11-29 02:47:06.172,NA,NA
2025-11-29 02:47:06.851,NA,NA
2025-11-29 02:47:07.534,NA,NA
2025-11-29 02:47:08.230,NA,NA
2025-11-29 02:47:08.892,NA,NA
2025-11-29 02:47:09.575,NA,NA
2025-11-29 02:47:10.258,NA,NA
2025-11-29 02:47:10.934,NA,NA
2025-11-29 02:47:11.619,NA,NA
2025-11-29 02:47:12.282,NA,NA
2025-11-29 02:47:12.968,NA,NA
2025-11-29 02:47:13.635,NA,NA
2025-11-29 02:47:14.294,NA,NA
2025-11-29 02:47:14.971,NA,NA
2025-11-29 02:47:15.666,NA,NA
2025-11-29 02:47:16.342,NA,NA
2025-11-29 02:47:17.025,NA,NA
2025-11-29 02:47:17.717,NA,NA
2025-11-29 02:47:18.400,NA,NA
2025-11-29 02:47:19.085,NA,NA
2025-11-29 02:47:19.755,NA,NA
2025-11-29 02:47:20.438,NA,NA
2025-11-29 02:47:21.141,NA,NA
2025-11-29 02:47:21.855,NA,NA
2025-11-29 02:47:22.552,NA,NA
2025-11-29 02:47:23.258,NA,NA
2025-11-29 02:47:23.961,NA,NA
2025-11-29 02:47:24.676,NA,NA
2025-11-29 02:47:25.376,NA,NA
2025-11-29 02:47:26.078,NA,NA
2025-11-29 02:47:26.780,NA,NA
2025-11-29 02:47:27.495,NA,NA
2025-11-29 02:47:28.197,NA,NA
2025-11-29 02:47:28.912,NA,NA
2025-11-29 02:47:29.618,NA,NA
2025-11-29 02:47:30.321,NA,NA
2025-11-29 02:47:31.030,NA,NA
2025-11-29 02:47:31.723,NA,NA
2025-11-29 02:47:32.423,NA,NA
2025-11-29 02:47:33.122,NA,NA
2025-11-29 02:47:33.828,NA,NA
2025-11-29 02:47:34.538,NA,NA
2025-11-29 02:47:35.250,NA,NA
2025-11-29 02:47:35.958,NA,NA
2025-11-29 02:47:36.675,NA,NA
2025-11-29 02:47:37.386,NA,NA
2025-11-29 02:47:38.090,NA,NA
2025-11-29 02:47:38.812,NA,NA
2025-11-29 02:47:39.514,NA,NA
2025-11-29 02:47:40.215,NA,NA
2025-11-29 02:47:40.910,NA,NA
2025-11-29 02:47:41.626,NA,NA
2025-11-29 02:47:42.318,NA,NA
2025-11-29 02:47:43.034,NA,NA
2025-11-29 02:47:43.743,NA,NA
2025-11-29 02:47:44.443,NA,NA
2025-11-29 02:47:45.156,NA,NA
2025-11-29 02:47:45.814,NA,NA
2025-11-29 02:47:46.467,NA,NA
2025-11-29 02:47:47.117,NA,NA
2025-11-29 02:47:47.778,NA,NA
2025-11-29 02:47:48.435,NA,NA
2025-11-29 02:47:49.091,NA,NA
2025-11-29 02:47:49.744,NA,NA
2025-11-29 02:47:50.399,NA,NA
2025-11-29 02:47:51.033,NA,NA
2025-11-29 02:47:51.674,NA,NA
2025-11-29 02:47:52.323,NA,NA
2025-11-29 02:47:52.982,NA,NA
2025-11-29 02:47:53.633,NA,NA
2025-11-29 02:47:54.288,NA,NA
2025-11-29 02:47:54.950,NA,NA
2025-11-29 02:47:55.605,NA,NA
2025-11-29 02:47:56.268,NA,NA
2025-11-29 02:47:56.924,NA,NA
2025-11-29 02:47:57.592,NA,NA
2025-11-29 02:47:58.245,NA,NA
2025-11-29 02:47:58.901,NA,NA
2025-11-29 02:47:59.548,NA,NA
2025-11-29 02:48:00.197,NA,NA
2025-11-29 02:48:00.846,NA,NA
2025-11-29 02:48:01.504,NA,NA
2025-11-29 02:48:02.156,NA,NA
2025-11-29 02:48:02.815,NA,NA
2025-11-29 02:48:03.471,NA,NA
2025-11-29 02:48:04.133,NA,NA
2025-11-29 02:48:04.788,NA,NA
2025-11-29 02:48:05.446,NA,NA
2025-11-29 02:48:06.108,NA,NA
2025-11-29 02:48:06.774,NA,NA
2025-11-29 02:48:07.436,NA,NA
2025-11-29 02:48:08.098,NA,NA
2025-11-29 02:48:08.768,NA,NA
2025-11-29 02:48:09.413,NA,NA
2025-11-29 02:48:10.089,NA,NA
2025-11-29 02:48:10.738,NA,NA
2025-11-29 02:48:11.395,NA,NA
2025-11-29 02:48:12.042,NA,NA
2025-11-29 02:48:12.718,NA,NA
2025-11-29 02:48:13.374,NA,NA
2025-11-29 02:48:14.047,NA,NA
2025-11-29 02:48:14.723,NA,NA
2025-11-29 02:48:15.392,NA,NA
2025-11-29 02:48:16.052,NA,NA
2025-11-29 02:48:16.730,NA,NA
2025-11-29 02:48:17.403,NA,NA
2025-11-29 02:48:18.084,NA,NA
2025-11-29 02:48:18.761,NA,NA
2025-11-29 02:48:19.416,NA,NA
2025-11-29 02:48:20.099,NA,NA
2025-11-29 02:48:20.764,NA,NA
2025-11-29 02:48:21.448,NA,NA
2025-11-29 02:48:22.107,NA,NA
2025-11-29 02:48:22.787,NA,NA
2025-11-29 02:48:23.450,NA,NA
2025-11-29 02:48:24.114,NA,NA
2025-11-29 02:48:24.787,NA,NA
2025-11-29 02:48:25.461,NA,NA
2025-11-29 02:48:26.133,NA,NA
2025-11-29 02:48:26.805,NA,NA
2025-11-29 02:48:27.474,NA,NA
2025-11-29 02:48:28.146,NA,NA
2025-11-29 02:48:28.808,NA,NA
2025-11-29 02:48:29.471,NA,NA
2025-11-29 02:48:30.118,NA,NA
2025-11-29 02:48:30.776,NA,NA
2025-11-29 02:48:31.448,NA,NA
2025-11-29 02:48:32.111,NA,NA
2025-11-29 02:48:32.792,NA,NA
2025-11-29 02:48:33.448,NA,NA
2025-11-29 02:48:34.112,NA,NA
2025-11-29 02:48:34.772,NA,NA
2025-11-29 02:48:35.438,NA,NA
2025-11-29 02:48:36.103,NA,NA
2025-11-29 02:48:36.795,NA,NA
2025-11-29 02:48:37.472,NA,NA
2025-11-29 02:48:38.155,NA,NA
2025-11-29 02:48:38.823,NA,NA
2025-11-29 02:48:39.497,NA,NA
2025-11-29 02:48:40.183,NA,NA
2025-11-29 02:48:40.842,NA,NA
2025-11-29 02:48:41.510,NA,NA
2025-11-29 02:48:42.173,NA,NA
2025-11-29 02:48:42.849,NA,NA
2025-11-29 02:48:43.501,NA,NA
2025-11-29 02:48:44.177,NA,NA
2025-11-29 02:48:44.838,NA,NA
2025-11-29 02:48:45.520,NA,NA
2025-11-29 02:48:46.198,NA,NA
2025-11-29 02:48:46.867,NA,NA
2025-11-29 02:48:47.551,NA,NA
2025-11-29 02:48:48.209,NA,NA
2025-11-29 02:48:48.882,NA,NA
2025-11-29 02:48:49.567,NA,NA
2025-11-29 02:48:50.247,NA,NA
2025-11-29 02:48:50.906,NA,NA
2025-11-29 02:48:51.590,NA,NA
2025-11-29 02:48:52.248,NA,NA
2025-11-29 02:48:52.917,NA,NA
2025-11-29 02:48:53.580,NA,NA
2025-11-29 02:48:54.244,NA,NA
2025-11-29 02:48:54.903,NA,NA
2025-11-29 02:48:55.563,NA,NA
2025-11-29 02:48:56.219,NA,NA
2025-11-29 02:48:56.884,NA,NA
2025-11-29 02:48:57.550,NA,NA
2025-11-29 02:48:58.225,NA,NA
2025-11-29 02:48:58.895,NA,NA
2025-11-29 02:48:59.582,NA,NA
2025-11-29 02:49:00.247,NA,NA
2025-11-29 02:49:00.916,NA,NA
2025-11-29 02:49:01.569,NA,NA
2025-11-29 02:49:02.236,NA,NA
2025-11-29 02:49:02.906,NA,NA
2025-11-29 02:49:03.567,NA,NA
2025-11-29 02:49:04.242,NA,NA
2025-11-29 02:49:04.911,NA,NA
2025-11-29 02:49:05.583,NA,NA
2025-11-29 02:49:06.242,NA,NA
2025-11-29 02:49:06.911,NA,NA
2025-11-29 02:49:07.578,NA,NA
2025-11-29 02:49:08.245,NA,NA
2025-11-29 02:49:08.915,NA,NA
2025-11-29 02:49:09.601,NA,NA
2025-11-29 02:49:10.285,NA,NA
2025-11-29 02:49:10.959,NA,NA
2025-11-29 02:49:11.629,NA,NA
2025-11-29 02:49:12.285,NA,NA
2025-11-29 02:49:12.960,NA,NA
2025-11-29 02:49:13.632,NA,NA
2025-11-29 02:49:14.311,NA,NA
2025-11-29 02:49:14.976,NA,NA
2025-11-29 02:49:15.654,NA,NA
2025-11-29 02:49:16.317,NA,NA
2025-11-29 02:49:16.991,NA,NA
2025-11-29 02:49:17.662,NA,NA
2025-11-29 02:49:18.337,NA,NA
2025-11-29 02:49:19.013,NA,NA
2025-11-29 02:49:19.690,NA,NA
2025-11-29 02:49:20.365,NA,NA
2025-11-29 02:49:21.030,NA,NA
2025-11-29 02:49:21.714,NA,NA
2025-11-29 02:49:22.387,NA,NA
2025-11-29 02:49:23.066,NA,NA
2025-11-29 02:49:23.735,NA,NA
2025-11-29 02:49:24.409,NA,NA
2025-11-29 02:49:25.065,NA,NA
2025-11-29 02:49:25.730,NA,NA
2025-11-29 02:49:26.392,NA,NA
2025-11-29 02:49:27.078,NA,NA
2025-11-29 02:49:27.745,NA,NA
2025-11-29 02:49:28.420,NA,NA
2025-11-29 02:49:29.103,NA,NA
2025-11-29 02:49:29.784,NA,NA
2025-11-29 02:49:30.462,NA,NA
2025-11-29 02:49:31.139,NA,NA
2025-11-29 02:49:31.808,NA,NA
2025-11-29 02:49:32.473,NA,NA
2025-11-29 02:49:33.149,NA,NA
2025-11-29 02:49:33.812,NA,NA
2025-11-29 02:49:34.488,NA,NA
2025-11-29 02:49:35.158,NA,NA
2025-11-29 02:49:35.830,NA,NA
2025-11-29 02:49:36.495,NA,NA
2025-11-29 02:49:37.173,NA,NA
2025-11-29 02:49:37.845,NA,NA
2025-11-29 02:49:38.520,NA,NA
2025-11-29 02:49:39.192,NA,NA
2025-11-29 02:49:39.860,NA,NA
2025-11-29 02:49:40.532,NA,NA
2025-11-29 02:49:41.217,NA,NA
2025-11-29 02:49:41.895,NA,NA
2025-11-29 02:49:42.577,NA,NA
2025-11-29 02:49:43.264,NA,NA
2025-11-29 02:49:43.923,NA,NA
2025-11-29 02:49:44.599,NA,NA
2025-11-29 02:49:45.261,NA,NA
2025-11-29 02:49:45.929,NA,NA
2025-11-29 02:49:46.586,NA,NA
2025-11-29 02:49:47.244,NA,NA
2025-11-29 02:49:47.904,NA,NA
2025-11-29 02:49:48.572,NA,NA
2025-11-29 02:49:49.237,NA,NA
2025-11-29 02:49:49.901,NA,NA
2025-11-29 02:49:50.587,NA,NA
2025-11-29 02:49:51.266,NA,NA
2025-11-29 02:49:51.944,NA,NA
2025-11-29 02:49:52.612,NA,NA
2025-11-29 02:49:53.287,NA,NA
2025-11-29 02:49:53.950,NA,NA
2025-11-29 02:49:54.621,NA,NA
2025-11-29 02:49:55.289,NA,NA
2025-11-29 02:49:55.987,NA,NA
2025-11-29 02:49:56.650,NA,NA
2025-11-29 02:49:57.343,NA,NA
2025-11-29 02:49:58.020,NA,NA
2025-11-29 02:49:58.697,NA,NA
2025-11-29 02:49:59.383,NA,NA
2025-11-29 02:50:00.073,NA,NA
2025-11-29 02:50:00.758,NA,NA
2025-11-29 02:50:01.432,NA,NA
2025-11-29 02:50:02.114,NA,NA
2025-11-29 02:50:02.782,NA,NA
2025-11-29 02:50:03.464,NA,NA
2025-11-29 02:50:04.127,NA,NA
2025-11-29 02:50:04.793,NA,NA
2025-11-29 02:50:05.461,NA,NA
2025-11-29 02:50:06.143,NA,NA
2025-11-29 02:50:06.807,NA,NA
2025-11-29 02:50:07.476,NA,NA
2025-11-29 02:50:08.138,NA,NA
2025-11-29 02:50:08.814,NA,NA
2025-11-29 02:50:09.474,NA,NA
2025-11-29 02:50:10.143,NA,NA
2025-11-29 02:50:10.813,NA,NA
2025-11-29 02:50:11.486,NA,NA
2025-11-29 02:50:12.153,NA,NA
2025-11-29 02:50:12.817,NA,NA
2025-11-29 02:50:13.497,NA,NA
2025-11-29 02:50:14.161,NA,NA
2025-11-29 02:50:14.837,NA,NA
2025-11-29 02:50:15.497,NA,NA
2025-11-29 02:50:16.182,NA,NA
2025-11-29 02:50:16.841,NA,NA
2025-11-29 02:50:17.518,NA,NA
2025-11-29 02:50:18.189,NA,NA
2025-11-29 02:50:18.874,NA,NA
2025-11-29 02:50:19.543,NA,NA
2025-11-29 02:50:20.220,NA,NA
2025-11-29 02:50:20.895,NA,NA
2025-11-29 02:50:21.565,NA,NA
2025-11-29 02:50:22.242,NA,NA
2025-11-29 02:50:22.916,NA,NA
2025-11-29 02:50:23.592,NA,NA
2025-11-29 02:50:24.251,NA,NA
2025-11-29 02:50:24.924,NA,NA
2025-11-29 02:50:25.578,NA,NA
2025-11-29 02:50:26.254,NA,NA
2025-11-29 02:50:26.913,NA,NA
2025-11-29 02:50:27.601,NA,NA
2025-11-29 02:50:28.269,NA,NA
2025-11-29 02:50:28.927,NA,NA
2025-11-29 02:50:29.601,NA,NA
2025-11-29 02:50:30.283,NA,NA
2025-11-29 02:50:30.946,NA,NA
2025-11-29 02:50:31.617,NA,NA
2025-11-29 02:50:32.308,NA,NA
2025-11-29 02:50:32.986,NA,NA
2025-11-29 02:50:33.667,NA,NA
2025-11-29 02:50:34.330,NA,NA
2025-11-29 02:50:34.998,NA,NA
2025-11-29 02:50:35.657,NA,NA
2025-11-29 02:50:36.340,NA,NA
2025-11-29 02:50:37.003,NA,NA
2025-11-29 02:50:37.691,NA,NA
2025-11-29 02:50:38.369,NA,NA
2025-11-29 02:50:39.027,NA,NA
2025-11-29 02:50:39.700,NA,NA
2025-11-29 02:50:40.375,NA,NA
2025-11-29 02:50:41.047,NA,NA
2025-11-29 02:50:41.723,NA,NA
2025-11-29 02:50:42.403,NA,NA
2025-11-29 02:50:43.068,NA,NA
2025-11-29 02:50:43.743,NA,NA
2025-11-29 02:50:44.406,NA,NA
2025-11-29 02:50:45.087,NA,NA
2025-11-29 02:50:45.749,NA,NA
2025-11-29 02:50:46.430,NA,NA
2025-11-29 02:50:47.085,NA,NA
2025-11-29 02:50:47.765,NA,NA
2025-11-29 02:50:48.442,NA,NA
2025-11-29 02:50:49.122,NA,NA
2025-11-29 02:50:49.788,NA,NA
2025-11-29 02:50:50.482,NA,NA
2025-11-29 02:50:51.159,NA,NA
2025-11-29 02:50:51.815,NA,NA
2025-11-29 02:50:52.498,NA,NA
2025-11-29 02:50:53.159,NA,NA
2025-11-29 02:50:53.852,NA,NA
2025-11-29 02:50:54.522,NA,NA
2025-11-29 02:50:55.199,NA,NA
2025-11-29 02:50:55.858,NA,NA
2025-11-29 02:50:56.531,NA,NA
2025-11-29 02:50:57.182,NA,NA
2025-11-29 02:50:57.852,NA,NA
2025-11-29 02:50:58.525,NA,NA
2025-11-29 02:50:59.198,NA,NA
2025-11-29 02:50:59.861,NA,NA
2025-11-29 02:51:00.525,NA,NA
2025-11-29 02:51:01.206,NA,NA
2025-11-29 02:51:01.881,NA,NA
2025-11-29 02:51:02.559,NA,NA
2025-11-29 02:51:03.227,NA,NA
2025-11-29 02:51:03.900,NA,NA
2025-11-29 02:51:04.568,NA,NA
2025-11-29 02:51:05.239,NA,NA
2025-11-29 02:51:05.905,NA,NA
2025-11-29 02:51:06.577,NA,NA
2025-11-29 02:51:07.240,NA,NA
2025-11-29 02:51:07.912,NA,NA
2025-11-29 02:51:08.586,NA,NA
2025-11-29 02:51:09.262,NA,NA
2025-11-29 02:51:09.947,NA,NA
2025-11-29 02:51:10.621,NA,NA
2025-11-29 02:51:11.302,NA,NA
2025-11-29 02:51:11.976,NA,NA
2025-11-29 02:51:12.646,NA,NA
2025-11-29 02:51:13.305,NA,NA
2025-11-29 02:51:13.992,NA,NA
2025-11-29 02:51:14.644,NA,NA
2025-11-29 02:51:15.317,NA,NA
2025-11-29 02:51:15.988,NA,NA
2025-11-29 02:51:16.674,NA,NA
2025-11-29 02:51:17.360,NA,NA
2025-11-29 02:51:18.032,NA,NA
2025-11-29 02:51:18.716,NA,NA
2025-11-29 02:51:19.402,NA,NA
2025-11-29 02:51:20.075,NA,NA
2025-11-29 02:51:20.747,NA,NA
2025-11-29 02:51:21.426,NA,NA
2025-11-29 02:51:22.098,NA,NA
2025-11-29 02:51:22.764,NA,NA
2025-11-29 02:51:23.424,NA,NA
2025-11-29 02:51:24.103,NA,NA
2025-11-29 02:51:24.766,NA,NA
2025-11-29 02:51:25.422,NA,NA
2025-11-29 02:51:26.080,NA,NA
2025-11-29 02:51:26.749,NA,NA
2025-11-29 02:51:27.420,NA,NA
2025-11-29 02:51:28.099,NA,NA
2025-11-29 02:51:28.764,NA,NA
2025-11-29 02:51:29.442,NA,NA
2025-11-29 02:51:30.096,NA,NA
2025-11-29 02:51:30.765,NA,NA
2025-11-29 02:51:31.434,NA,NA
2025-11-29 02:51:32.119,NA,NA
2025-11-29 02:51:32.784,NA,NA
2025-11-29 02:51:33.442,NA,NA
2025-11-29 02:51:34.099,NA,NA
2025-11-29 02:51:34.767,NA,NA
2025-11-29 02:51:35.450,NA,NA
2025-11-29 02:51:36.102,NA,NA
2025-11-29 02:51:36.782,NA,NA
2025-11-29 02:51:37.431,NA,NA
2025-11-29 02:51:38.112,NA,NA
2025-11-29 02:51:38.789,NA,NA
2025-11-29 02:51:39.465,NA,NA
2025-11-29 02:51:40.157,NA,NA
2025-11-29 02:51:40.818,NA,NA
2025-11-29 02:51:41.483,NA,NA
2025-11-29 02:51:42.153,NA,NA
2025-11-29 02:51:42.832,NA,NA
2025-11-29 02:51:43.488,NA,NA
2025-11-29 02:51:44.155,NA,NA
2025-11-29 02:51:44.810,NA,NA
2025-11-29 02:51:45.472,NA,NA
2025-11-29 02:51:46.127,NA,NA
2025-11-29 02:51:46.802,NA,NA
2025-11-29 02:51:47.459,NA,NA
2025-11-29 02:51:48.135,NA,NA
2025-11-29 02:51:48.802,NA,NA
2025-11-29 02:51:49.453,NA,NA
2025-11-29 02:51:50.098,NA,NA
2025-11-29 02:51:50.761,NA,NA
2025-11-29 02:51:51.441,NA,NA
2025-11-29 02:51:52.110,NA,NA
2025-11-29 02:51:52.765,NA,NA
2025-11-29 02:51:53.443,NA,NA
2025-11-29 02:51:54.140,NA,NA
2025-11-29 02:51:54.803,NA,NA
2025-11-29 02:51:55.487,NA,NA
2025-11-29 02:51:56.150,NA,NA
2025-11-29 02:51:56.819,NA,NA
2025-11-29 02:51:57.482,NA,NA
2025-11-29 02:51:58.139,NA,NA
2025-11-29 02:51:58.792,NA,NA
2025-11-29 02:51:59.454,NA,NA
2025-11-29 02:52:00.105,NA,NA
2025-11-29 02:52:00.764,NA,NA
2025-11-29 02:52:01.431,NA,NA
2025-11-29 02:52:02.126,NA,NA
2025-11-29 02:52:02.809,NA,NA
2025-11-29 02:52:03.499,NA,NA
2025-11-29 02:52:04.175,NA,NA
2025-11-29 02:52:04.850,NA,NA
2025-11-29 02:52:05.532,NA,NA
2025-11-29 02:52:06.205,NA,NA
2025-11-29 02:52:06.868,NA,NA
2025-11-29 02:52:07.526,NA,NA
2025-11-29 02:52:08.205,NA,NA
2025-11-29 02:52:08.858,NA,NA
2025-11-29 02:52:09.537,NA,NA
2025-11-29 02:52:10.215,NA,NA
2025-11-29 02:52:10.884,NA,NA
2025-11-29 02:52:11.565,NA,NA
2025-11-29 02:52:12.227,NA,NA
2025-11-29 02:52:12.904,NA,NA
2025-11-29 02:52:13.569,NA,NA
2025-11-29 02:52:14.250,NA,NA
2025-11-29 02:52:14.925,NA,NA
2025-11-29 02:52:15.605,NA,NA
2025-11-29 02:52:16.264,NA,NA
2025-11-29 02:52:16.937,NA,NA
2025-11-29 02:52:17.595,NA,NA
2025-11-29 02:52:18.271,NA,NA
2025-11-29 02:52:18.936,NA,NA
2025-11-29 02:52:19.609,NA,NA
2025-11-29 02:52:20.271,NA,NA
2025-11-29 02:52:20.942,NA,NA
2025-11-29 02:52:21.617,NA,NA
2025-11-29 02:52:22.308,NA,NA
2025-11-29 02:52:22.979,NA,NA
2025-11-29 02:52:23.651,NA,NA
2025-11-29 02:52:24.322,NA,NA
2025-11-29 02:52:24.973,NA,NA
2025-11-29 02:52:25.657,NA,NA
2025-11-29 02:52:26.311,NA,NA
2025-11-29 02:52:26.988,NA,NA
2025-11-29 02:52:27.640,NA,NA
2025-11-29 02:52:28.325,NA,NA
2025-11-29 02:52:28.988,NA,NA
2025-11-29 02:52:29.636,NA,NA
2025-11-29 02:52:30.299,NA,NA
2025-11-29 02:52:30.962,NA,NA
2025-11-29 02:52:31.655,NA,NA
2025-11-29 02:52:32.330,NA,NA
2025-11-29 02:52:33.008,NA,NA
2025-11-29 02:52:33.695,NA,NA
2025-11-29 02:52:34.363,NA,NA
2025-11-29 02:52:35.033,NA,NA
2025-11-29 02:52:35.685,NA,NA
2025-11-29 02:52:36.352,NA,NA
2025-11-29 02:52:37.035,NA,NA
2025-11-29 02:52:37.698,NA,NA
2025-11-29 02:52:38.373,NA,NA
2025-11-29 02:52:39.047,NA,NA
2025-11-29 02:52:39.729,NA,NA
2025-11-29 02:52:40.403,NA,NA
2025-11-29 02:52:41.078,NA,NA
2025-11-29 02:52:41.725,NA,NA
2025-11-29 02:52:42.411,NA,NA
2025-11-29 02:52:43.093,NA,NA
2025-11-29 02:52:43.741,NA,NA
2025-11-29 02:52:44.394,NA,NA
2025-11-29 02:52:45.059,NA,NA
2025-11-29 02:52:45.733,NA,NA
2025-11-29 02:52:46.381,NA,NA
2025-11-29 02:52:47.035,NA,NA
2025-11-29 02:52:47.685,NA,NA
2025-11-29 02:52:48.360,NA,NA
2025-11-29 02:52:49.014,NA,NA
2025-11-29 02:52:49.695,NA,NA
2025-11-29 02:52:50.362,NA,NA
2025-11-29 02:52:51.017,NA,NA
2025-11-29 02:52:51.674,NA,NA
2025-11-29 02:52:52.342,NA,NA
2025-11-29 02:52:53.026,NA,NA
2025-11-29 02:52:53.692,NA,NA
2025-11-29 02:52:54.361,NA,NA
2025-11-29 02:52:55.038,NA,NA
2025-11-29 02:52:55.723,NA,NA
2025-11-29 02:52:56.393,NA,NA
2025-11-29 02:52:57.066,NA,NA
2025-11-29 02:52:57.717,NA,NA
2025-11-29 02:52:58.397,NA,NA
2025-11-29 02:52:59.060,NA,NA
2025-11-29 02:52:59.733,NA,NA
2025-11-29 02:53:00.401,NA,NA
2025-11-29 02:53:01.067,NA,NA
2025-11-29 02:53:01.748,NA,NA
2025-11-29 02:53:02.424,NA,NA
2025-11-29 02:53:03.095,NA,NA
2025-11-29 02:53:03.763,NA,NA
2025-11-29 02:53:04.449,NA,NA
2025-11-29 02:53:05.133,NA,NA
2025-11-29 02:53:05.820,NA,NA
2025-11-29 02:53:06.501,NA,NA
2025-11-29 02:53:07.182,NA,NA
2025-11-29 02:53:07.847,NA,NA
2025-11-29 02:53:08.535,NA,NA
2025-11-29 02:53:09.205,NA,NA
2025-11-29 02:53:09.880,NA,NA
2025-11-29 02:53:10.560,NA,NA
2025-11-29 02:53:11.240,NA,NA
2025-11-29 02:53:11.916,NA,NA
2025-11-29 02:53:12.594,NA,NA
2025-11-29 02:53:13.268,NA,NA
2025-11-29 02:53:13.947,NA,NA
2025-11-29 02:53:14.632,NA,NA
2025-11-29 02:53:15.313,NA,NA
2025-11-29 02:53:16.000,NA,NA
2025-11-29 02:53:16.672,NA,NA
2025-11-29 02:53:17.336,NA,NA
2025-11-29 02:53:17.998,NA,NA
2025-11-29 02:53:18.683,NA,NA
2025-11-29 02:53:19.348,NA,NA
2025-11-29 02:53:20.023,NA,NA
2025-11-29 02:53:20.691,NA,NA
2025-11-29 02:53:21.376,NA,NA
2025-11-29 02:53:22.065,NA,NA
2025-11-29 02:53:22.742,NA,NA
2025-11-29 02:53:23.418,NA,NA
2025-11-29 02:53:24.112,NA,NA
2025-11-29 02:53:24.820,NA,NA
2025-11-29 02:53:25.525,NA,NA
2025-11-29 02:53:26.244,NA,NA
2025-11-29 02:53:26.946,NA,NA
2025-11-29 02:53:27.658,NA,NA
2025-11-29 02:53:28.357,NA,NA
2025-11-29 02:53:29.073,NA,NA
2025-11-29 02:53:29.782,NA,NA
2025-11-29 02:53:30.493,NA,NA
2025-11-29 02:53:31.206,NA,NA
2025-11-29 02:53:31.914,NA,NA
2025-11-29 02:53:32.635,NA,NA
2025-11-29 02:53:33.355,NA,NA
2025-11-29 02:53:34.061,NA,NA
2025-11-29 02:53:34.767,NA,NA
2025-11-29 02:53:35.479,NA,NA
2025-11-29 02:53:36.185,NA,NA
2025-11-29 02:53:36.890,NA,NA
2025-11-29 02:53:37.588,NA,NA
2025-11-29 02:53:38.302,NA,NA
2025-11-29 02:53:39.015,NA,NA
2025-11-29 02:53:39.728,NA,NA
2025-11-29 02:53:40.449,NA,NA
2025-11-29 02:53:41.165,NA,NA
2025-11-29 02:53:41.866,NA,NA
2025-11-29 02:53:42.575,NA,NA
2025-11-29 02:53:43.284,NA,NA
2025-11-29 02:53:43.988,NA,NA
2025-11-29 02:53:44.702,NA,NA
2025-11-29 02:53:45.398,NA,NA
2025-11-29 02:53:46.112,NA,NA
2025-11-29 02:53:46.812,NA,NA
2025-11-29 02:53:47.546,NA,NA
2025-11-29 02:53:48.254,NA,NA
2025-11-29 02:53:48.967,NA,NA
2025-11-29 02:53:49.673,NA,NA
2025-11-29 02:53:50.384,NA,NA
2025-11-29 02:53:51.115,NA,NA
2025-11-29 02:53:51.823,NA,NA
2025-11-29 02:53:52.544,NA,NA
2025-11-29 02:53:53.255,NA,NA
2025-11-29 02:53:53.961,NA,NA
2025-11-29 02:53:54.660,NA,NA
2025-11-29 02:53:55.353,NA,NA
2025-11-29 02:53:56.064,NA,NA
2025-11-29 02:53:56.770,NA,NA
2025-11-29 02:53:57.483,NA,NA
2025-11-29 02:53:58.214,NA,NA
2025-11-29 02:53:58.922,NA,NA
2025-11-29 02:53:59.635,NA,NA
2025-11-29 02:54:00.352,NA,NA
2025-11-29 02:54:01.061,NA,NA
2025-11-29 02:54:01.774,NA,NA
2025-11-29 02:54:02.465,NA,NA
2025-11-29 02:54:03.181,NA,NA
2025-11-29 02:54:03.884,NA,NA
2025-11-29 02:54:04.600,NA,NA
2025-11-29 02:54:05.331,NA,NA
2025-11-29 02:54:06.052,NA,NA
2025-11-29 02:54:06.762,NA,NA
2025-11-29 02:54:07.476,NA,NA
2025-11-29 02:54:08.186,NA,NA
2025-11-29 02:54:08.894,NA,NA
2025-11-29 02:54:09.608,NA,NA
2025-11-29 02:54:10.308,NA,NA
2025-11-29 02:54:11.016,NA,NA
2025-11-29 02:54:11.716,NA,NA
2025-11-29 02:54:12.416,NA,NA
2025-11-29 02:54:13.115,NA,NA
2025-11-29 02:54:13.834,NA,NA
2025-11-29 02:54:14.540,NA,NA
2025-11-29 02:54:15.254,NA,NA
2025-11-29 02:54:15.958,NA,NA
2025-11-29 02:54:16.650,NA,NA
2025-11-29 02:54:17.321,NA,NA
2025-11-29 02:54:17.995,NA,NA
2025-11-29 02:54:18.671,NA,NA
2025-11-29 02:54:19.334,NA,NA
2025-11-29 02:54:20.009,NA,NA
2025-11-29 02:54:20.683,NA,NA
2025-11-29 02:54:21.365,NA,NA
2025-11-29 02:54:22.033,NA,NA
2025-11-29 02:54:22.715,NA,NA
2025-11-29 02:54:23.391,NA,NA
2025-11-29 02:54:24.081,NA,NA
2025-11-29 02:54:24.761,NA,NA
2025-11-29 02:54:25.424,NA,NA
2025-11-29 02:54:26.092,NA,NA
2025-11-29 02:54:26.753,NA,NA
2025-11-29 02:54:27.431,NA,NA
2025-11-29 02:54:28.096,NA,NA
2025-11-29 02:54:28.780,NA,NA
2025-11-29 02:54:29.448,NA,NA
2025-11-29 02:54:30.125,NA,NA
2025-11-29 02:54:30.818,NA,NA
2025-11-29 02:54:31.503,NA,NA
2025-11-29 02:54:32.187,NA,NA
2025-11-29 02:54:32.869,NA,NA
2025-11-29 02:54:33.553,NA,NA
2025-11-29 02:54:34.229,NA,NA
2025-11-29 02:54:34.909,NA,NA
2025-11-29 02:54:35.577,NA,NA
2025-11-29 02:54:36.260,NA,NA
2025-11-29 02:54:36.925,NA,NA
2025-11-29 02:54:37.611,NA,NA
2025-11-29 02:54:38.285,NA,NA
2025-11-29 02:54:38.956,NA,NA
2025-11-29 02:54:39.630,NA,NA
2025-11-29 02:54:40.309,NA,NA
2025-11-29 02:54:40.995,NA,NA
2025-11-29 02:54:41.673,NA,NA
2025-11-29 02:54:42.354,NA,NA
2025-11-29 02:54:43.037,NA,NA
2025-11-29 02:54:43.711,NA,NA
2025-11-29 02:54:44.378,NA,NA
2025-11-29 02:54:45.038,NA,NA
2025-11-29 02:54:45.708,NA,NA
2025-11-29 02:54:46.394,NA,NA
2025-11-29 02:54:47.063,NA,NA
2025-11-29 02:54:47.733,NA,NA
2025-11-29 02:54:48.410,NA,NA
2025-11-29 02:54:49.091,NA,NA
2025-11-29 02:54:49.771,NA,NA
2025-11-29 02:54:50.452,NA,NA
2025-11-29 02:54:51.139,NA,NA
2025-11-29 02:54:51.819,NA,NA
2025-11-29 02:54:52.505,NA,NA
2025-11-29 02:54:53.189,NA,NA
2025-11-29 02:54:53.873,NA,NA
2025-11-29 02:54:54.540,NA,NA
2025-11-29 02:54:55.228,NA,NA
2025-11-29 02:54:55.895,NA,NA
2025-11-29 02:54:56.581,NA,NA
2025-11-29 02:54:57.243,NA,NA
2025-11-29 02:54:57.925,NA,NA
2025-11-29 02:54:58.612,NA,NA
2025-11-29 02:54:59.300,NA,NA
2025-11-29 02:54:59.958,NA,NA
2025-11-29 02:55:00.632,NA,NA
2025-11-29 02:55:01.313,NA,NA
2025-11-29 02:55:01.984,NA,NA
2025-11-29 02:55:02.657,NA,NA
2025-11-29 02:55:03.319,NA,NA
2025-11-29 02:55:04.001,NA,NA
2025-11-29 02:55:04.661,NA,NA
2025-11-29 02:55:05.343,NA,NA
2025-11-29 02:55:06.019,NA,NA
2025-11-29 02:55:06.695,NA,NA
2025-11-29 02:55:07.381,NA,NA
2025-11-29 02:55:08.066,NA,NA
2025-11-29 02:55:08.723,NA,NA
2025-11-29 02:55:09.393,NA,NA
2025-11-29 02:55:10.062,NA,NA
2025-11-29 02:55:10.736,NA,NA
2025-11-29 02:55:11.407,NA,NA
2025-11-29 02:55:12.071,NA,NA
2025-11-29 02:55:12.751,NA,NA
2025-11-29 02:55:13.413,NA,NA
2025-11-29 02:55:14.085,NA,NA
2025-11-29 02:55:14.749,NA,NA
2025-11-29 02:55:15.422,NA,NA
2025-11-29 02:55:16.093,NA,NA
2025-11-29 02:55:16.764,NA,NA
2025-11-29 02:55:17.434,NA,NA
2025-11-29 02:55:18.101,NA,NA
2025-11-29 02:55:18.768,NA,NA
2025-11-29 02:55:19.441,NA,NA
2025-11-29 02:55:20.117,NA,NA
2025-11-29 02:55:20.775,NA,NA
2025-11-29 02:55:21.449,NA,NA
2025-11-29 02:55:22.111,NA,NA
2025-11-29 02:55:22.782,NA,NA
2025-11-29 02:55:23.441,NA,NA
2025-11-29 02:55:24.113,NA,NA
2025-11-29 02:55:24.773,NA,NA
2025-11-29 02:55:25.435,NA,NA
2025-11-29 02:55:26.098,NA,NA
2025-11-29 02:55:26.764,NA,NA
2025-11-29 02:55:27.435,NA,NA
2025-11-29 02:55:28.107,NA,NA
2025-11-29 02:55:28.783,NA,NA
2025-11-29 02:55:29.442,NA,NA
2025-11-29 02:55:30.119,NA,NA
2025-11-29 02:55:30.780,NA,NA
2025-11-29 02:55:31.455,NA,NA
2025-11-29 02:55:32.112,NA,NA
2025-11-29 02:55:32.789,NA,NA
2025-11-29 02:55:33.453,NA,NA
2025-11-29 02:55:34.122,NA,NA
2025-11-29 02:55:34.779,NA,NA
2025-11-29 02:55:35.452,NA,NA
2025-11-29 02:55:36.124,NA,NA
2025-11-29 02:55:36.795,NA,NA
2025-11-29 02:55:37.469,NA,NA
2025-11-29 02:55:38.135,NA,NA
2025-11-29 02:55:38.805,NA,NA
2025-11-29 02:55:39.459,NA,NA
2025-11-29 02:55:40.121,NA,NA
2025-11-29 02:55:40.764,NA,NA
2025-11-29 02:55:41.439,NA,NA
2025-11-29 02:55:42.086,NA,NA
2025-11-29 02:55:42.759,NA,NA
2025-11-29 02:55:43.421,NA,NA
2025-11-29 02:55:44.087,NA,NA
2025-11-29 02:55:44.749,NA,NA
2025-11-29 02:55:45.421,NA,NA
2025-11-29 02:55:46.088,NA,NA
2025-11-29 02:55:46.744,NA,NA
2025-11-29 02:55:47.396,NA,NA
2025-11-29 02:55:48.051,NA,NA
2025-11-29 02:55:48.707,NA,NA
2025-11-29 02:55:49.366,NA,NA
2025-11-29 02:55:50.050,NA,NA
2025-11-29 02:55:50.694,NA,NA
2025-11-29 02:55:51.361,NA,NA
2025-11-29 02:55:52.003,NA,NA
2025-11-29 02:55:52.679,NA,NA
2025-11-29 02:55:53.340,NA,NA
2025-11-29 02:55:54.013,NA,NA
2025-11-29 02:55:54.696,NA,NA
2025-11-29 02:55:55.365,NA,NA
2025-11-29 02:55:56.031,NA,NA
2025-11-29 02:55:56.711,NA,NA
2025-11-29 02:55:57.382,NA,NA
2025-11-29 02:55:58.055,NA,NA
2025-11-29 02:55:58.751,NA,NA
2025-11-29 02:55:59.420,NA,NA
2025-11-29 02:56:00.100,NA,NA
2025-11-29 02:56:00.767,NA,NA
2025-11-29 02:56:01.448,NA,NA
2025-11-29 02:56:02.127,NA,NA
2025-11-29 02:56:02.801,NA,NA
2025-11-29 02:56:03.482,NA,NA
2025-11-29 02:56:04.171,NA,NA
2025-11-29 02:56:04.851,NA,NA
2025-11-29 02:56:05.535,NA,NA
2025-11-29 02:56:06.220,NA,NA
2025-11-29 02:56:06.894,NA,NA
2025-11-29 02:56:07.574,NA,NA
2025-11-29 02:56:08.248,NA,NA
2025-11-29 02:56:08.931,NA,NA
2025-11-29 02:56:09.594,NA,NA
2025-11-29 02:56:10.273,NA,NA
2025-11-29 02:56:10.931,NA,NA
2025-11-29 02:56:11.599,NA,NA
2025-11-29 02:56:12.274,NA,NA
2025-11-29 02:56:12.950,NA,NA
